bike_activity_ui,bike_activity_sample_uid,bike_activity_measurement,bike_activity_measurement_timestamp,bike_activity_measurement_lon,bike_activity_measurement_lat,bike_activity_measurement_speed,bike_activity_measurement_accelerometer_x,bike_activity_measurement_accelerometer_y,bike_activity_measurement_accelerometer_z,bike_activity_phone_position,bike_activity_bike_type,bike_activity_surface_type,bike_activity_smoothness_type
8a7fb2ff-c32c-43c0-ba1e-e1a25546cb5a,6ae262b6-6fde-45c1-b7ec-2570438ce0e7,2dce01aa-2eba-466f-b2be-98a20fbde389,1624826508517,0.0,0.0,0.0,0.07817489,1.0138664,0.89694357,other,other,mixed,mixed
8a7fb2ff-c32c-43c0-ba1e-e1a25546cb5a,6ae262b6-6fde-45c1-b7ec-2570438ce0e7,026dd5da-cddd-4feb-b71f-c879a0eceab5,1624826508545,-16.8280965,32.6449201,0.413866,0.0008389652,-0.032710075,-0.08304453,other,other,mixed,mixed
8a7fb2ff-c32c-43c0-ba1e-e1a25546cb5a,6ae262b6-6fde-45c1-b7ec-2570438ce0e7,7d229e8d-448e-45d9-8b29-c19904386d1d,1624826508578,-16.8280965,32.6449201,0.413866,0.070538014,0.12031984,-0.039715767,other,other,mixed,mixed
8a7fb2ff-c32c-43c0-ba1e-e1a25546cb5a,6ae262b6-6fde-45c1-b7ec-2570438ce0e7,9ae664a0-cb4f-402e-a56c-7b56f7ea6ced,1624826508612,-16.8280965,32.6449201,0.413866,0.055858433,0.09634781,-0.06168413,other,other,mixed,mixed
8a7fb2ff-c32c-43c0-ba1e-e1a25546cb5a,6ae262b6-6fde-45c1-b7ec-2570438ce0e7,13da4a0e-6b57-47cf-bd22-63a1705db945,1624826508645,-16.8280965,32.6449201,0.413866,-0.004815161,-0.004234314,-0.058354378,other,other,mixed,mixed
8a7fb2ff-c32c-43c0-ba1e-e1a25546cb5a,6ae262b6-6fde-45c1-b7ec-2570438ce0e7,f274a79f-bb97-4642-b75a-ce63ef90da61,1624826508678,-16.8280965,32.6449201,0.413866,0.021632314,0.12052965,-0.032003403,other,other,mixed,mixed
8a7fb2ff-c32c-43c0-ba1e-e1a25546cb5a,6ae262b6-6fde-45c1-b7ec-2570438ce0e7,938ad236-8cc3-438c-b5c4-def072c50bee,1624826508712,-16.8280965,32.6449201,0.413866,0.02549243,0.0884881,-0.107131004,other,other,mixed,mixed
8a7fb2ff-c32c-43c0-ba1e-e1a25546cb5a,6ae262b6-6fde-45c1-b7ec-2570438ce0e7,4df0a712-da67-4335-b803-7566fbde3d32,1624826508745,-16.8280965,32.6449201,0.413866,0.048875123,0.05398321,0.029794693,other,other,mixed,mixed
8a7fb2ff-c32c-43c0-ba1e-e1a25546cb5a,6ae262b6-6fde-45c1-b7ec-2570438ce0e7,002bbb55-ef5d-451d-b59d-b21f5f945b3b,1624826508779,-16.8280965,32.6449201,0.413866,0.024650425,0.024885654,-0.0930686,other,other,mixed,mixed
8a7fb2ff-c32c-43c0-ba1e-e1a25546cb5a,6ae262b6-6fde-45c1-b7ec-2570438ce0e7,2af6496e-6cbc-4554-9c2e-66ebe717c5d6,1624826508812,-16.8280965,32.6449201,0.413866,0.014561653,0.033539295,-0.08228397,other,other,mixed,mixed
8a7fb2ff-c32c-43c0-ba1e-e1a25546cb5a,6ae262b6-6fde-45c1-b7ec-2570438ce0e7,81df07fe-7a0f-414a-8119-a7751be767b6,1624826508845,-16.8280965,32.6449201,0.413866,0.06294808,0.043810368,-0.0497365,other,other,mixed,mixed
8a7fb2ff-c32c-43c0-ba1e-e1a25546cb5a,6ae262b6-6fde-45c1-b7ec-2570438ce0e7,b51c272b-b8be-4997-b4f2-7cc3cb9b21d7,1624826508879,-16.8280965,32.6449201,0.413866,0.016853213,0.059488773,-0.13274765,other,other,mixed,mixed
8a7fb2ff-c32c-43c0-ba1e-e1a25546cb5a,6ae262b6-6fde-45c1-b7ec-2570438ce0e7,0ad5153d-c346-4666-ae3d-11e65fc4afc0,1624826508912,-16.8280965,32.6449201,0.413866,-0.021367937,0.059135437,-0.1690054,other,other,mixed,mixed
8a7fb2ff-c32c-43c0-ba1e-e1a25546cb5a,6ae262b6-6fde-45c1-b7ec-2570438ce0e7,9c9a1af3-0c29-4d44-a8aa-f6ea688bf5a8,1624826508945,-16.8280965,32.6449201,0.413866,0.01819238,0.053626537,0.04713583,other,other,mixed,mixed
8a7fb2ff-c32c-43c0-ba1e-e1a25546cb5a,6ae262b6-6fde-45c1-b7ec-2570438ce0e7,bc617f3a-3cbc-480a-bd5f-6596bb767009,1624826508979,-16.8280965,32.6449201,0.413866,0.061410636,0.09486723,0.06294346,other,other,mixed,mixed
8a7fb2ff-c32c-43c0-ba1e-e1a25546cb5a,6ae262b6-6fde-45c1-b7ec-2570438ce0e7,d4357025-b730-448e-8486-7e8c6361c7aa,1624826509012,-16.8280965,32.6449201,0.413866,0.05797103,0.11421156,0.07439995,other,other,mixed,mixed
8a7fb2ff-c32c-43c0-ba1e-e1a25546cb5a,6ae262b6-6fde-45c1-b7ec-2570438ce0e7,d6ade95b-b295-4bc3-b49a-e605d98f62e6,1624826509045,-16.8280965,32.6449201,0.413866,0.08814344,0.0749588,-0.0076675415,other,other,mixed,mixed
8a7fb2ff-c32c-43c0-ba1e-e1a25546cb5a,6ae262b6-6fde-45c1-b7ec-2570438ce0e7,6ab23f97-21b6-4e2a-b624-c15487873420,1624826509079,-16.8280965,32.6449201,0.413866,0.109874904,0.077727795,-0.12174082,other,other,mixed,mixed
8a7fb2ff-c32c-43c0-ba1e-e1a25546cb5a,6ae262b6-6fde-45c1-b7ec-2570438ce0e7,74f87dcf-5c9d-4fd6-ae1e-9c7e2d0e4059,1624826509112,-16.8280965,32.6449201,0.413866,0.10936931,0.21546602,-0.18187475,other,other,mixed,mixed
8a7fb2ff-c32c-43c0-ba1e-e1a25546cb5a,6ae262b6-6fde-45c1-b7ec-2570438ce0e7,ca6e8c47-eb18-49d7-9259-b1f123a5a6eb,1624826509145,-16.8280965,32.6449201,0.413866,0.031987578,0.12662554,-0.060970306,other,other,mixed,mixed
8a7fb2ff-c32c-43c0-ba1e-e1a25546cb5a,6ae262b6-6fde-45c1-b7ec-2570438ce0e7,e72dd7b4-130a-4e89-a254-f88214e3fdbb,1624826509179,-16.8280965,32.6449201,0.413866,0.08159724,-0.0020112991,-0.051542282,other,other,mixed,mixed
8a7fb2ff-c32c-43c0-ba1e-e1a25546cb5a,6ae262b6-6fde-45c1-b7ec-2570438ce0e7,e8ccc7ef-e071-4e62-a07e-9c3291b3094c,1624826509212,-16.8280965,32.6449201,0.413866,0.11101556,0.14620829,-0.1980195,other,other,mixed,mixed
8a7fb2ff-c32c-43c0-ba1e-e1a25546cb5a,6ae262b6-6fde-45c1-b7ec-2570438ce0e7,9d64ee67-d68f-438e-b801-54555b7afc01,1624826509246,-16.8280965,32.6449201,0.413866,0.12498179,0.121898174,-0.060915947,other,other,mixed,mixed
8a7fb2ff-c32c-43c0-ba1e-e1a25546cb5a,6ae262b6-6fde-45c1-b7ec-2570438ce0e7,f5f5d77b-8da2-46d5-a011-0536a7a80e04,1624826509279,-16.8280965,32.6449201,0.413866,0.13548675,0.10523844,-0.052782536,other,other,mixed,mixed
8a7fb2ff-c32c-43c0-ba1e-e1a25546cb5a,6ae262b6-6fde-45c1-b7ec-2570438ce0e7,9de91aa6-6b07-4e8e-b9c2-86c513467978,1624826509312,-16.8280965,32.6449201,0.413866,0.12262815,0.13690758,0.008565426,other,other,mixed,mixed
8a7fb2ff-c32c-43c0-ba1e-e1a25546cb5a,6ae262b6-6fde-45c1-b7ec-2570438ce0e7,8404eca5-9d76-4d1f-89a4-70b0e381d40e,1624826509346,-16.8280965,32.6449201,0.413866,-0.014679521,0.030896187,-0.03740692,other,other,mixed,mixed
8a7fb2ff-c32c-43c0-ba1e-e1a25546cb5a,6ae262b6-6fde-45c1-b7ec-2570438ce0e7,95718fcb-0554-4da3-944a-ad5784c27e55,1624826509379,-16.8280965,32.6449201,0.413866,0.062446445,0.083883286,-0.025741577,other,other,mixed,mixed
8a7fb2ff-c32c-43c0-ba1e-e1a25546cb5a,6ae262b6-6fde-45c1-b7ec-2570438ce0e7,d14020bf-36ea-407d-b049-9bf9dddaf78c,1624826509413,-16.8280965,32.6449201,0.413866,-0.042734236,0.105323315,-0.065867424,other,other,mixed,mixed
8a7fb2ff-c32c-43c0-ba1e-e1a25546cb5a,6ae262b6-6fde-45c1-b7ec-2570438ce0e7,bdcb34ca-53d4-4ef3-a72b-e0e0f8036f1d,1624826509446,-16.8280988,32.6449143,0.43394893,-0.037756696,0.10311842,0.04725027,other,other,mixed,mixed
8a7fb2ff-c32c-43c0-ba1e-e1a25546cb5a,6ae262b6-6fde-45c1-b7ec-2570438ce0e7,7d8a2b1f-f938-471b-89dd-2f8c4263a097,1624826509479,-16.8280988,32.6449143,0.43394893,-0.061489537,0.029691696,-0.13415766,other,other,mixed,mixed
8a7fb2ff-c32c-43c0-ba1e-e1a25546cb5a,6ae262b6-6fde-45c1-b7ec-2570438ce0e7,529c67a3-757b-49c6-8921-10860f6c563c,1624826509513,-16.8280988,32.6449143,0.43394893,-0.09274523,-0.10624647,-0.056870937,other,other,mixed,mixed
8a7fb2ff-c32c-43c0-ba1e-e1a25546cb5a,6ae262b6-6fde-45c1-b7ec-2570438ce0e7,6eb7024b-b770-4f74-bdcd-16c6f370cb85,1624826509546,-16.8280988,32.6449143,0.43394893,-0.12746112,0.010546207,-0.33149052,other,other,mixed,mixed
8a7fb2ff-c32c-43c0-ba1e-e1a25546cb5a,6ae262b6-6fde-45c1-b7ec-2570438ce0e7,107bb6ce-c28f-4d04-80d3-c7f12e3a7c80,1624826509579,-16.8280988,32.6449143,0.43394893,0.019717038,-0.015778542,-0.007888317,other,other,mixed,mixed
8a7fb2ff-c32c-43c0-ba1e-e1a25546cb5a,6ae262b6-6fde-45c1-b7ec-2570438ce0e7,f7d73397-4e3b-467b-9843-a2a0aa6c967d,1624826509613,-16.8280988,32.6449143,0.43394893,-0.12662773,0.039583683,0.111082554,other,other,mixed,mixed
8a7fb2ff-c32c-43c0-ba1e-e1a25546cb5a,6ae262b6-6fde-45c1-b7ec-2570438ce0e7,0515685e-9923-4052-8649-56964feae985,1624826509646,-16.8281097,32.6449,0.47732052,0.023327902,-0.011378765,0.046965122,other,other,mixed,mixed
8a7fb2ff-c32c-43c0-ba1e-e1a25546cb5a,6ae262b6-6fde-45c1-b7ec-2570438ce0e7,8300bf7e-52bd-41a7-b8af-622e0393ee21,1624826509684,-16.8281097,32.6449,0.47732052,0.011221647,0.036145687,0.020513058,other,other,mixed,mixed
8a7fb2ff-c32c-43c0-ba1e-e1a25546cb5a,6ae262b6-6fde-45c1-b7ec-2570438ce0e7,ca4cbcbb-60fb-4a66-a698-076a17caf002,1624826509713,-16.8281097,32.6449,0.47732052,-0.036891952,0.06442356,-0.0053453445,other,other,mixed,mixed
8a7fb2ff-c32c-43c0-ba1e-e1a25546cb5a,6ae262b6-6fde-45c1-b7ec-2570438ce0e7,8614eab8-4d67-46d1-ba2b-aee2c2f5f327,1624826509746,-16.8281097,32.6449,0.47732052,-0.009475112,0.13347816,0.14695692,other,other,mixed,mixed
8a7fb2ff-c32c-43c0-ba1e-e1a25546cb5a,6ae262b6-6fde-45c1-b7ec-2570438ce0e7,53f0d692-7225-41a4-96d0-551a90b7fe10,1624826509780,-16.8281097,32.6449,0.47732052,0.014828414,0.06200552,-0.025887966,other,other,mixed,mixed
8a7fb2ff-c32c-43c0-ba1e-e1a25546cb5a,6ae262b6-6fde-45c1-b7ec-2570438ce0e7,63abe7e0-858e-4ed8-b03f-5cc864dce5d7,1624826509813,-16.8281097,32.6449,0.47732052,0.009086341,0.05389309,0.27684498,other,other,mixed,mixed
8a7fb2ff-c32c-43c0-ba1e-e1a25546cb5a,6ae262b6-6fde-45c1-b7ec-2570438ce0e7,06f6e45c-a2ee-4078-86ef-4a5ab0144b80,1624826509846,-16.8281097,32.6449,0.47732052,0.0300709,-0.07041597,0.2950287,other,other,mixed,mixed
8a7fb2ff-c32c-43c0-ba1e-e1a25546cb5a,6ae262b6-6fde-45c1-b7ec-2570438ce0e7,017716f8-d6a5-4bee-8a9e-ed5f797b0795,1624826509880,-16.8281097,32.6449,0.47732052,-0.007942945,0.0005297661,-0.042491436,other,other,mixed,mixed
8a7fb2ff-c32c-43c0-ba1e-e1a25546cb5a,6ae262b6-6fde-45c1-b7ec-2570438ce0e7,a0aa9ef2-72a2-4a89-a324-1ee0ab6aa079,1624826509914,-16.8281097,32.6449,0.47732052,-0.12358965,0.24111795,-0.37824392,other,other,mixed,mixed
8a7fb2ff-c32c-43c0-ba1e-e1a25546cb5a,6ae262b6-6fde-45c1-b7ec-2570438ce0e7,208eada7-548a-4c0d-ba2e-31c7aa1c8273,1624826509947,-16.8281097,32.6449,0.47732052,0.03145477,0.21958494,-0.36847878,other,other,mixed,mixed
8a7fb2ff-c32c-43c0-ba1e-e1a25546cb5a,6ae262b6-6fde-45c1-b7ec-2570438ce0e7,24e73c9e-fa42-46b0-bb64-2e68adb192e7,1624826509981,-16.8281097,32.6449,0.47732052,0.022280604,0.09182024,-0.15782976,other,other,mixed,mixed
8a7fb2ff-c32c-43c0-ba1e-e1a25546cb5a,6ae262b6-6fde-45c1-b7ec-2570438ce0e7,95a72719-c6d6-46c4-ae54-9e731a9b40d7,1624826510014,-16.8281097,32.6449,0.47732052,0.061003566,-0.10393381,-0.10775328,other,other,mixed,mixed
8a7fb2ff-c32c-43c0-ba1e-e1a25546cb5a,6ae262b6-6fde-45c1-b7ec-2570438ce0e7,493b98be-0341-47ee-a9a3-f32c4652be89,1624826510047,-16.8281097,32.6449,0.47732052,0.06846875,-0.033222675,-0.27262306,other,other,mixed,mixed
8a7fb2ff-c32c-43c0-ba1e-e1a25546cb5a,6ae262b6-6fde-45c1-b7ec-2570438ce0e7,721a44f3-0adb-4f6e-8243-76d007ef1c77,1624826510081,-16.8281097,32.6449,0.47732052,0.13344854,0.047272205,-0.007086754,other,other,mixed,mixed
8a7fb2ff-c32c-43c0-ba1e-e1a25546cb5a,6ae262b6-6fde-45c1-b7ec-2570438ce0e7,53798bd4-b9fe-4528-8e7f-c13660aa8d85,1624826510114,-16.8281097,32.6449,0.47732052,0.14450204,0.053147793,-0.13625002,other,other,mixed,mixed
8a7fb2ff-c32c-43c0-ba1e-e1a25546cb5a,6ae262b6-6fde-45c1-b7ec-2570438ce0e7,ebbb80c8-a392-40a8-a86a-ffc138a7e02a,1624826510147,-16.8281097,32.6449,0.47732052,0.059637308,0.12172365,-0.118555546,other,other,mixed,mixed
8a7fb2ff-c32c-43c0-ba1e-e1a25546cb5a,6ae262b6-6fde-45c1-b7ec-2570438ce0e7,716a5a8b-b5d3-44aa-93b9-0b28b6f16449,1624826510181,-16.8281097,32.6449,0.47732052,0.08666557,0.18447495,0.03191805,other,other,mixed,mixed
8a7fb2ff-c32c-43c0-ba1e-e1a25546cb5a,6ae262b6-6fde-45c1-b7ec-2570438ce0e7,0bac5a9d-8dc0-4f02-9cc8-4684e618c7f8,1624826510214,-16.8281097,32.6449,0.47732052,0.06585181,0.08224106,-0.0045876503,other,other,mixed,mixed
8a7fb2ff-c32c-43c0-ba1e-e1a25546cb5a,6ae262b6-6fde-45c1-b7ec-2570438ce0e7,fcdba282-2391-48a7-8a35-615bf2999774,1624826510247,-16.8281097,32.6449,0.47732052,0.050643563,0.07928991,0.050052166,other,other,mixed,mixed
8a7fb2ff-c32c-43c0-ba1e-e1a25546cb5a,6ae262b6-6fde-45c1-b7ec-2570438ce0e7,8007e178-86cd-48d5-9edf-209a6f4fb37b,1624826510281,-16.8281097,32.6449,0.47732052,0.05056274,0.20033073,-0.17874765,other,other,mixed,mixed
8a7fb2ff-c32c-43c0-ba1e-e1a25546cb5a,6ae262b6-6fde-45c1-b7ec-2570438ce0e7,7d2f33ba-9291-4a29-b1b4-f8d79b40c9da,1624826510314,-16.8281097,32.6449,0.47732052,0.15069604,0.2978859,-0.07104254,other,other,mixed,mixed
8a7fb2ff-c32c-43c0-ba1e-e1a25546cb5a,6ae262b6-6fde-45c1-b7ec-2570438ce0e7,52ace497-0eac-4163-8661-e6280ca28bd5,1624826510348,-16.8281097,32.6449,0.47732052,0.17443782,-0.028506756,0.05810356,other,other,mixed,mixed
8a7fb2ff-c32c-43c0-ba1e-e1a25546cb5a,6ae262b6-6fde-45c1-b7ec-2570438ce0e7,0c0f584c-5bd6-456b-b3cf-45d9fbf3311c,1624826510381,-16.8281139,32.6448908,0.49953032,-0.013530374,0.03626871,-0.067148685,other,other,mixed,mixed
8a7fb2ff-c32c-43c0-ba1e-e1a25546cb5a,6ae262b6-6fde-45c1-b7ec-2570438ce0e7,9809b631-d6b5-4edc-9239-365439fb3154,1624826510420,-16.8281139,32.6448908,0.49953032,-0.1841754,-0.12521887,-0.05232334,other,other,mixed,mixed
8a7fb2ff-c32c-43c0-ba1e-e1a25546cb5a,6ae262b6-6fde-45c1-b7ec-2570438ce0e7,41613da7-01f8-4891-bbc4-4a91165264d1,1624826510447,-16.8281139,32.6448908,0.49953032,-0.12201458,0.05116701,-0.17177773,other,other,mixed,mixed
8a7fb2ff-c32c-43c0-ba1e-e1a25546cb5a,6ae262b6-6fde-45c1-b7ec-2570438ce0e7,1a6654c3-2b9a-4edf-b145-14e2b3097998,1624826510481,-16.8281139,32.6448908,0.49953032,0.12169552,0.14851952,-0.09800196,other,other,mixed,mixed
8a7fb2ff-c32c-43c0-ba1e-e1a25546cb5a,6ae262b6-6fde-45c1-b7ec-2570438ce0e7,f0f61f95-1167-4445-bfa2-1f05a29140da,1624826510514,-16.8281139,32.6448908,0.49953032,0.17282224,0.098757744,-0.066244125,other,other,mixed,mixed
8a7fb2ff-c32c-43c0-ba1e-e1a25546cb5a,6ae262b6-6fde-45c1-b7ec-2570438ce0e7,1591e833-6b9e-4354-8641-07e0bbca77a2,1624826510548,-16.8281139,32.6448908,0.49953032,0.12358332,0.11274624,-0.12712145,other,other,mixed,mixed
8a7fb2ff-c32c-43c0-ba1e-e1a25546cb5a,6ae262b6-6fde-45c1-b7ec-2570438ce0e7,347b928c-6640-439c-8ad3-e04c40ddec05,1624826510581,-16.8281139,32.6448908,0.49953032,0.1484145,0.025306225,-0.0016622543,other,other,mixed,mixed
8a7fb2ff-c32c-43c0-ba1e-e1a25546cb5a,6ae262b6-6fde-45c1-b7ec-2570438ce0e7,e12ff32a-a7c5-4f70-be6d-d5e33d385a20,1624826510615,-16.8281139,32.6448908,0.49953032,0.19223237,0.10921526,0.06661987,other,other,mixed,mixed
8a7fb2ff-c32c-43c0-ba1e-e1a25546cb5a,6ae262b6-6fde-45c1-b7ec-2570438ce0e7,d184065d-fc22-4e1a-b30c-63e5d0e77780,1624826510648,-16.8281139,32.6448908,0.49953032,0.13936234,0.062737465,0.07990408,other,other,mixed,mixed
8a7fb2ff-c32c-43c0-ba1e-e1a25546cb5a,6ae262b6-6fde-45c1-b7ec-2570438ce0e7,643c5c09-6b39-4781-b96b-a0b638191429,1624826510681,-16.8281139,32.6448908,0.49953032,-0.01976639,0.05756855,0.008013725,other,other,mixed,mixed
8a7fb2ff-c32c-43c0-ba1e-e1a25546cb5a,6ae262b6-6fde-45c1-b7ec-2570438ce0e7,d9a5d767-18cd-4dbf-9a39-4e4c6ec709a8,1624826510715,-16.8281139,32.6448908,0.49953032,0.06051743,0.086214066,-0.010603428,other,other,mixed,mixed
8a7fb2ff-c32c-43c0-ba1e-e1a25546cb5a,6ae262b6-6fde-45c1-b7ec-2570438ce0e7,d972990c-6056-412d-bbba-eda1058e8fe7,1624826510748,-16.8281139,32.6448908,0.49953032,0.15901965,0.092306614,-0.04339552,other,other,mixed,mixed
8a7fb2ff-c32c-43c0-ba1e-e1a25546cb5a,6ae262b6-6fde-45c1-b7ec-2570438ce0e7,779c28f8-434d-4cc2-9182-5e4ab2413f14,1624826510781,-16.8281139,32.6448908,0.49953032,0.1845563,0.0621562,-0.07388067,other,other,mixed,mixed
8a7fb2ff-c32c-43c0-ba1e-e1a25546cb5a,6ae262b6-6fde-45c1-b7ec-2570438ce0e7,d5a474a1-8950-4f22-93c3-cca28629aeeb,1624826510815,-16.8281139,32.6448908,0.49953032,-0.028196275,-0.03739214,-0.10348368,other,other,mixed,mixed
8a7fb2ff-c32c-43c0-ba1e-e1a25546cb5a,6ae262b6-6fde-45c1-b7ec-2570438ce0e7,56eacc81-d28f-400f-956a-766d36a1f06b,1624826510848,-16.8281139,32.6448908,0.49953032,-0.048961103,0.014865398,-0.056654453,other,other,mixed,mixed
8a7fb2ff-c32c-43c0-ba1e-e1a25546cb5a,6ae262b6-6fde-45c1-b7ec-2570438ce0e7,661b6b4d-e532-4185-9cfc-6ca938f0fab0,1624826510882,-16.8281139,32.6448908,0.49953032,0.05408764,0.13908005,-0.07259226,other,other,mixed,mixed
8a7fb2ff-c32c-43c0-ba1e-e1a25546cb5a,6ae262b6-6fde-45c1-b7ec-2570438ce0e7,f7dbb555-ade2-498c-8f4c-cb3bba46bba5,1624826510915,-16.8281139,32.6448908,0.49953032,0.02531588,0.058024406,-0.040071487,other,other,mixed,mixed
8a7fb2ff-c32c-43c0-ba1e-e1a25546cb5a,6ae262b6-6fde-45c1-b7ec-2570438ce0e7,4a364b4b-7ad4-4af2-b8b4-2722085cdef4,1624826510948,-16.8281139,32.6448908,0.49953032,0.016447306,0.14784813,0.044997692,other,other,mixed,mixed
8a7fb2ff-c32c-43c0-ba1e-e1a25546cb5a,6ae262b6-6fde-45c1-b7ec-2570438ce0e7,a42a537b-0b1b-4874-a9fe-339e33ce093e,1624826510982,-16.8281139,32.6448908,0.49953032,0.10703999,0.060062885,0.0030312538,other,other,mixed,mixed
8a7fb2ff-c32c-43c0-ba1e-e1a25546cb5a,6ae262b6-6fde-45c1-b7ec-2570438ce0e7,6c7b9a8f-30ba-46f5-822c-d4a46a413d19,1624826511015,-16.8281139,32.6448908,0.49953032,0.10101938,0.040672302,-0.002038002,other,other,mixed,mixed
8a7fb2ff-c32c-43c0-ba1e-e1a25546cb5a,6ae262b6-6fde-45c1-b7ec-2570438ce0e7,25d80600-6016-4022-9f2f-3dc0d2118ef1,1624826511049,-16.8281139,32.6448908,0.49953032,0.17808974,0.07689905,0.003115654,other,other,mixed,mixed
8a7fb2ff-c32c-43c0-ba1e-e1a25546cb5a,6ae262b6-6fde-45c1-b7ec-2570438ce0e7,3d0a8b82-b8d4-4582-b53e-6dd7af21943e,1624826511082,-16.8281139,32.6448908,0.49953032,0.08681697,0.07486677,-0.07147694,other,other,mixed,mixed
8a7fb2ff-c32c-43c0-ba1e-e1a25546cb5a,6ae262b6-6fde-45c1-b7ec-2570438ce0e7,d0605538-503b-4ffb-856e-841793584856,1624826511115,-16.8281139,32.6448908,0.49953032,0.023051143,0.07723045,0.009768963,other,other,mixed,mixed
8a7fb2ff-c32c-43c0-ba1e-e1a25546cb5a,6ae262b6-6fde-45c1-b7ec-2570438ce0e7,b857dab2-dcda-447a-bff8-17ec420bcca5,1624826511148,-16.8281139,32.6448908,0.49953032,0.06897867,0.18235064,-0.52710915,other,other,mixed,mixed
8a7fb2ff-c32c-43c0-ba1e-e1a25546cb5a,6ae262b6-6fde-45c1-b7ec-2570438ce0e7,754d5ecd-b002-46f9-affc-d2b1e285f71d,1624826511182,-16.8281139,32.6448908,0.49953032,0.31945527,0.19195509,0.25480366,other,other,mixed,mixed
8a7fb2ff-c32c-43c0-ba1e-e1a25546cb5a,6ae262b6-6fde-45c1-b7ec-2570438ce0e7,ec8eb636-489b-41fe-97c2-f1f6bbe97be7,1624826511282,-16.8281139,32.6448908,0.49953032,0.01869756,0.06751442,-0.068618774,other,other,mixed,mixed
8a7fb2ff-c32c-43c0-ba1e-e1a25546cb5a,6ae262b6-6fde-45c1-b7ec-2570438ce0e7,7db18cf3-013e-4c7f-919e-88ca3e1981eb,1624826511367,-16.8281139,32.6448908,0.49953032,-0.1388554,0.057590008,-0.18047523,other,other,mixed,mixed
8a7fb2ff-c32c-43c0-ba1e-e1a25546cb5a,6ae262b6-6fde-45c1-b7ec-2570438ce0e7,a6373c29-7e12-4c33-a544-480014a39a73,1624826511419,-16.8280661,32.6448959,0.5056035,-0.0753085,0.03316021,-0.0086631775,other,other,mixed,mixed
8a7fb2ff-c32c-43c0-ba1e-e1a25546cb5a,6ae262b6-6fde-45c1-b7ec-2570438ce0e7,cad1f484-b32f-4878-a434-a797d05c3173,1624826511462,-16.8280661,32.6448959,0.5056035,-0.09051877,-0.11245966,0.20421505,other,other,mixed,mixed
8a7fb2ff-c32c-43c0-ba1e-e1a25546cb5a,6ae262b6-6fde-45c1-b7ec-2570438ce0e7,21b3ae75-d210-4704-88f9-b26b91334dce,1624826511489,-16.8280661,32.6448959,0.5056035,-0.03742397,-0.061210632,0.15916967,other,other,mixed,mixed
8a7fb2ff-c32c-43c0-ba1e-e1a25546cb5a,6ae262b6-6fde-45c1-b7ec-2570438ce0e7,6116ca4e-bc0f-46fa-8fbb-7cdfa3d21dbb,1624826511513,-16.8280661,32.6448959,0.5056035,-0.03622794,0.06252241,0.029636383,other,other,mixed,mixed
8a7fb2ff-c32c-43c0-ba1e-e1a25546cb5a,6ae262b6-6fde-45c1-b7ec-2570438ce0e7,73de2550-4d1a-4963-a0ae-4fa6c14a599a,1624826511538,-16.8280661,32.6448959,0.5056035,0.13701814,0.09542227,0.034283638,other,other,mixed,mixed
8a7fb2ff-c32c-43c0-ba1e-e1a25546cb5a,6ae262b6-6fde-45c1-b7ec-2570438ce0e7,db4a6ac2-918e-4e89-801f-6e76b7dcd7d6,1624826511563,-16.8280661,32.6448959,0.5056035,0.13040304,0.16058493,-0.0015892982,other,other,mixed,mixed
8a7fb2ff-c32c-43c0-ba1e-e1a25546cb5a,6ae262b6-6fde-45c1-b7ec-2570438ce0e7,c1760271-8874-4502-9f14-f0378ac35f61,1624826511588,-16.8280661,32.6448959,0.5056035,0.23583192,0.20529604,-0.054913044,other,other,mixed,mixed
8a7fb2ff-c32c-43c0-ba1e-e1a25546cb5a,6ae262b6-6fde-45c1-b7ec-2570438ce0e7,4a5798fc-d695-4721-887e-dccbb8264ddb,1624826511614,-16.8280661,32.6448959,0.5056035,0.17782849,0.13823175,-0.18023014,other,other,mixed,mixed
8a7fb2ff-c32c-43c0-ba1e-e1a25546cb5a,6ae262b6-6fde-45c1-b7ec-2570438ce0e7,fb690b03-de24-4afd-a5f3-206ecd2026d2,1624826511637,-16.8280661,32.6448959,0.5056035,0.13625115,0.025847912,-0.16380024,other,other,mixed,mixed
8a7fb2ff-c32c-43c0-ba1e-e1a25546cb5a,6ae262b6-6fde-45c1-b7ec-2570438ce0e7,61123e2e-e723-425e-84c2-2904582e5fc5,1624826511663,-16.8280661,32.6448959,0.5056035,0.054474473,0.060031414,-0.07393885,other,other,mixed,mixed
8a7fb2ff-c32c-43c0-ba1e-e1a25546cb5a,6ae262b6-6fde-45c1-b7ec-2570438ce0e7,89cdc906-0d55-473d-9c57-b14be4fc30d8,1624826511687,-16.8280661,32.6448959,0.5056035,0.029962897,0.08638382,-0.13808346,other,other,mixed,mixed
8a7fb2ff-c32c-43c0-ba1e-e1a25546cb5a,6ae262b6-6fde-45c1-b7ec-2570438ce0e7,a92024cb-0805-414a-b01c-ecfdc639bfe9,1624826511713,-16.8280661,32.6448959,0.5056035,-0.07033524,0.06365299,-0.11201334,other,other,mixed,mixed
8a7fb2ff-c32c-43c0-ba1e-e1a25546cb5a,6ae262b6-6fde-45c1-b7ec-2570438ce0e7,d11f28f8-b291-4474-88cb-31d54a39ebf0,1624826511737,-16.8280661,32.6448959,0.5056035,-0.010321677,0.09293127,0.048313618,other,other,mixed,mixed
8a7fb2ff-c32c-43c0-ba1e-e1a25546cb5a,6ae262b6-6fde-45c1-b7ec-2570438ce0e7,08c6cf66-fc7e-46c2-aa2b-142e01e5949a,1624826511763,-16.8280661,32.6448959,0.5056035,-0.04368612,0.019289494,0.13093519,other,other,mixed,mixed
8a7fb2ff-c32c-43c0-ba1e-e1a25546cb5a,6ae262b6-6fde-45c1-b7ec-2570438ce0e7,2380eddf-94be-473e-82af-b91c03adef2f,1624826511792,-16.8280661,32.6448959,0.5056035,0.005815685,0.0651536,0.072202206,other,other,mixed,mixed
8a7fb2ff-c32c-43c0-ba1e-e1a25546cb5a,6ae262b6-6fde-45c1-b7ec-2570438ce0e7,6de9b492-5bae-4d16-ba1a-6486e30372a0,1624826511819,-16.8280661,32.6448959,0.5056035,0.035083294,0.043485165,-0.03805828,other,other,mixed,mixed
8a7fb2ff-c32c-43c0-ba1e-e1a25546cb5a,6ae262b6-6fde-45c1-b7ec-2570438ce0e7,9e5aa7fd-1363-4cc0-82b2-74d8a7c7dde2,1624826511840,-16.8280661,32.6448959,0.5056035,0.025906444,0.01615572,-0.096395016,other,other,mixed,mixed
8a7fb2ff-c32c-43c0-ba1e-e1a25546cb5a,49c6faf2-7eca-48e4-bdef-c139e7412b64,ae8b43e4-7008-46bf-bb3b-354cee96a6f1,1624826518519,-16.8282185,32.6448657,2.3002698,0.046752244,-0.019156456,0.011705875,other,other,mixed,mixed
8a7fb2ff-c32c-43c0-ba1e-e1a25546cb5a,49c6faf2-7eca-48e4-bdef-c139e7412b64,a758a3b9-6f88-4c34-aeb6-27108cb6239f,1624826518613,-16.8282185,32.6448657,2.3002698,0.030400336,0.050469875,-0.039887905,other,other,mixed,mixed
8a7fb2ff-c32c-43c0-ba1e-e1a25546cb5a,49c6faf2-7eca-48e4-bdef-c139e7412b64,65fd3046-a0f3-4dd7-a0f4-3c1a47cf1958,1624826518645,-16.8282185,32.6448657,2.3002698,0.04281473,0.018024921,0.006350994,other,other,mixed,mixed
8a7fb2ff-c32c-43c0-ba1e-e1a25546cb5a,49c6faf2-7eca-48e4-bdef-c139e7412b64,af7cfd8e-ae1c-42c1-8a7b-af04fe0162fc,1624826518666,-16.8282185,32.6448657,2.3002698,0.057866454,0.0075030327,0.021503448,other,other,mixed,mixed
8a7fb2ff-c32c-43c0-ba1e-e1a25546cb5a,49c6faf2-7eca-48e4-bdef-c139e7412b64,637a6f86-aca8-489d-a26a-69769c332481,1624826518699,-16.8282185,32.6448657,2.3002698,0.0408414,0.03357601,-0.0212183,other,other,mixed,mixed
8a7fb2ff-c32c-43c0-ba1e-e1a25546cb5a,49c6faf2-7eca-48e4-bdef-c139e7412b64,28e18e17-b02a-4269-85ba-760bdb607829,1624826518734,-16.8282185,32.6448657,2.3002698,-0.0027915537,0.019862652,0.02670908,other,other,mixed,mixed
8a7fb2ff-c32c-43c0-ba1e-e1a25546cb5a,49c6faf2-7eca-48e4-bdef-c139e7412b64,bf5cff02-fd02-4870-8480-c878d0280a5d,1624826518769,-16.8282185,32.6448657,2.3002698,-0.0058368146,0.015353203,0.0080628395,other,other,mixed,mixed
8a7fb2ff-c32c-43c0-ba1e-e1a25546cb5a,49c6faf2-7eca-48e4-bdef-c139e7412b64,9be1825d-a3c3-4d99-8a75-2c836f894f55,1624826518802,-16.8282185,32.6448657,2.3002698,-0.029580474,0.061926365,-0.004049778,other,other,mixed,mixed
8a7fb2ff-c32c-43c0-ba1e-e1a25546cb5a,49c6faf2-7eca-48e4-bdef-c139e7412b64,431d6931-eee7-407a-84c5-1ef16b7f6b4c,1624826518833,-16.8282185,32.6448657,2.3002698,-0.06386995,-0.009366512,0.020895004,other,other,mixed,mixed
8a7fb2ff-c32c-43c0-ba1e-e1a25546cb5a,49c6faf2-7eca-48e4-bdef-c139e7412b64,8005211e-6967-4639-97eb-1b9befea149a,1624826518868,-16.8282185,32.6448657,2.3002698,0.05500123,0.026689053,0.0955472,other,other,mixed,mixed
8a7fb2ff-c32c-43c0-ba1e-e1a25546cb5a,49c6faf2-7eca-48e4-bdef-c139e7412b64,033bdb59-bbcf-45a2-8e48-7b0a45cd0c2a,1624826518902,-16.8282185,32.6448657,2.3002698,-0.013121337,0.039762974,-0.03933096,other,other,mixed,mixed
8a7fb2ff-c32c-43c0-ba1e-e1a25546cb5a,49c6faf2-7eca-48e4-bdef-c139e7412b64,fd1085aa-edf4-4f05-acbc-b6012cbc17e0,1624826518934,-16.8282185,32.6448657,2.3002698,0.042742997,-0.0060863495,-0.016223907,other,other,mixed,mixed
8a7fb2ff-c32c-43c0-ba1e-e1a25546cb5a,49c6faf2-7eca-48e4-bdef-c139e7412b64,b2583abe-8e5c-44c5-b80d-fff80d64b0ad,1624826518968,-16.8282185,32.6448657,2.3002698,0.021443576,0.04622364,-0.005792618,other,other,mixed,mixed
8a7fb2ff-c32c-43c0-ba1e-e1a25546cb5a,49c6faf2-7eca-48e4-bdef-c139e7412b64,280fc2b2-68cc-48a7-8a3b-3d37e7f51350,1624826519006,-16.8282185,32.6448657,2.3002698,-0.00069496036,0.046549797,-0.06946325,other,other,mixed,mixed
8a7fb2ff-c32c-43c0-ba1e-e1a25546cb5a,49c6faf2-7eca-48e4-bdef-c139e7412b64,fa4d4c7f-8835-4649-a12d-bcbb3e7d921d,1624826519036,-16.8282185,32.6448657,2.3002698,-0.019396544,0.067516804,0.06762314,other,other,mixed,mixed
8a7fb2ff-c32c-43c0-ba1e-e1a25546cb5a,49c6faf2-7eca-48e4-bdef-c139e7412b64,83b6ad17-7d37-4936-a7d0-379d17cea113,1624826519067,-16.8282185,32.6448657,2.3002698,-0.057661742,0.013480663,0.0867095,other,other,mixed,mixed
8a7fb2ff-c32c-43c0-ba1e-e1a25546cb5a,49c6faf2-7eca-48e4-bdef-c139e7412b64,fcc0165b-7b81-4f0b-a8ae-ce8885f58bcd,1624826519102,-16.8282185,32.6448657,2.3002698,-0.056343526,-0.011461735,0.03465891,other,other,mixed,mixed
8a7fb2ff-c32c-43c0-ba1e-e1a25546cb5a,49c6faf2-7eca-48e4-bdef-c139e7412b64,3542fe71-c6fd-475e-b64b-f02a6387b98d,1624826519135,-16.8282185,32.6448657,2.3002698,0.00081044436,-0.06738138,-0.011989117,other,other,mixed,mixed
8a7fb2ff-c32c-43c0-ba1e-e1a25546cb5a,49c6faf2-7eca-48e4-bdef-c139e7412b64,eae3a8fe-6509-476d-8958-bcc484c25b6c,1624826519168,-16.8282185,32.6448657,2.3002698,0.021238983,0.025836468,-0.10164547,other,other,mixed,mixed
8a7fb2ff-c32c-43c0-ba1e-e1a25546cb5a,49c6faf2-7eca-48e4-bdef-c139e7412b64,003b1518-7358-43e1-a9c1-b5f425eea38a,1624826519204,-16.8282185,32.6448657,2.3002698,0.01267755,0.08643532,-0.08554649,other,other,mixed,mixed
8a7fb2ff-c32c-43c0-ba1e-e1a25546cb5a,49c6faf2-7eca-48e4-bdef-c139e7412b64,4776c9aa-8583-48eb-95fe-72a8481d5788,1624826519238,-16.8282185,32.6448657,2.3002698,0.014529675,0.08463335,0.031208992,other,other,mixed,mixed
8a7fb2ff-c32c-43c0-ba1e-e1a25546cb5a,49c6faf2-7eca-48e4-bdef-c139e7412b64,4304fa83-88bf-4ac6-848b-7ab8514064ea,1624826519268,-16.8282185,32.6448657,2.3002698,0.023308337,-0.017225742,0.102445126,other,other,mixed,mixed
8a7fb2ff-c32c-43c0-ba1e-e1a25546cb5a,49c6faf2-7eca-48e4-bdef-c139e7412b64,1b73db0b-5c51-40ec-8bb1-6343adba5871,1624826519303,-16.8282185,32.6448657,2.3002698,0.0010026097,0.0044078827,0.124637604,other,other,mixed,mixed
8a7fb2ff-c32c-43c0-ba1e-e1a25546cb5a,49c6faf2-7eca-48e4-bdef-c139e7412b64,33aa766b-8f98-4186-add0-da5b6f06ee9d,1624826519337,-16.8282185,32.6448657,2.3002698,0.04775384,0.041487217,0.037086964,other,other,mixed,mixed
8a7fb2ff-c32c-43c0-ba1e-e1a25546cb5a,49c6faf2-7eca-48e4-bdef-c139e7412b64,5b4e14c4-00f0-4f40-b4a5-9ffcd3781bb1,1624826519368,-16.8282466,32.6448788,2.0457237,0.070910305,0.09117174,-0.002366066,other,other,mixed,mixed
8a7fb2ff-c32c-43c0-ba1e-e1a25546cb5a,49c6faf2-7eca-48e4-bdef-c139e7412b64,647dfb30-6ae9-49d8-9930-2fc5c47cd920,1624826519398,-16.8282466,32.6448788,2.0457237,0.045618355,0.03690958,-0.03253746,other,other,mixed,mixed
8a7fb2ff-c32c-43c0-ba1e-e1a25546cb5a,49c6faf2-7eca-48e4-bdef-c139e7412b64,502ac7da-3086-4844-b430-047adffbf0e5,1624826519431,-16.8282466,32.6448788,2.0457237,0.04130107,0.019697666,-0.11203861,other,other,mixed,mixed
8a7fb2ff-c32c-43c0-ba1e-e1a25546cb5a,49c6faf2-7eca-48e4-bdef-c139e7412b64,1ae05027-5db0-4f9c-ab27-826993035baf,1624826519452,-16.8282466,32.6448788,2.0457237,-0.02191484,-0.0033283234,-0.07666111,other,other,mixed,mixed
8a7fb2ff-c32c-43c0-ba1e-e1a25546cb5a,49c6faf2-7eca-48e4-bdef-c139e7412b64,02d54561-5858-4db4-b84d-d4d612b09df8,1624826519486,-16.8282466,32.6448788,2.0457237,-0.02460125,0.0013689995,0.0742774,other,other,mixed,mixed
8a7fb2ff-c32c-43c0-ba1e-e1a25546cb5a,49c6faf2-7eca-48e4-bdef-c139e7412b64,2445d0db-fc13-4ff8-982c-d57ae122f7f1,1624826519520,-16.8282466,32.6448788,2.0457237,-0.034041762,0.023320198,0.044375896,other,other,mixed,mixed
8a7fb2ff-c32c-43c0-ba1e-e1a25546cb5a,49c6faf2-7eca-48e4-bdef-c139e7412b64,2759f753-6429-4018-ab74-6379278c024e,1624826519550,-16.8282466,32.6448788,2.0457237,-0.03381142,0.055325985,0.079089165,other,other,mixed,mixed
8a7fb2ff-c32c-43c0-ba1e-e1a25546cb5a,49c6faf2-7eca-48e4-bdef-c139e7412b64,c274df26-3d44-420f-9b13-d83445ba738e,1624826519587,-16.8282466,32.6448788,2.0457237,0.015087277,0.0122795105,0.07242966,other,other,mixed,mixed
8a7fb2ff-c32c-43c0-ba1e-e1a25546cb5a,49c6faf2-7eca-48e4-bdef-c139e7412b64,11ea834e-cd1e-4744-8341-3bb82350e0cf,1624826519622,-16.8282466,32.6448788,2.0457237,-0.009647787,0.084344864,-0.02604103,other,other,mixed,mixed
8a7fb2ff-c32c-43c0-ba1e-e1a25546cb5a,49c6faf2-7eca-48e4-bdef-c139e7412b64,d04d4bd9-e2ea-417a-8420-560524144ad3,1624826519653,-16.8282466,32.6448788,2.0457237,0.047099322,0.0115942955,-0.08392906,other,other,mixed,mixed
8a7fb2ff-c32c-43c0-ba1e-e1a25546cb5a,49c6faf2-7eca-48e4-bdef-c139e7412b64,c64d16d0-011c-4a0e-95d1-571f29cb2472,1624826519686,-16.8282466,32.6448788,2.0457237,0.03347847,0.037914276,-0.056412697,other,other,mixed,mixed
8a7fb2ff-c32c-43c0-ba1e-e1a25546cb5a,49c6faf2-7eca-48e4-bdef-c139e7412b64,5f422d5b-7028-45fb-8a78-f94c6f08f29d,1624826519721,-16.8282466,32.6448788,2.0457237,0.006154865,0.008000851,-0.041799545,other,other,mixed,mixed
8a7fb2ff-c32c-43c0-ba1e-e1a25546cb5a,49c6faf2-7eca-48e4-bdef-c139e7412b64,c9dc8ebc-2d3a-4e28-98f3-aa83ba2cc2b1,1624826519754,-16.8282466,32.6448788,2.0457237,-0.006331295,0.048804283,0.023354053,other,other,mixed,mixed
8a7fb2ff-c32c-43c0-ba1e-e1a25546cb5a,49c6faf2-7eca-48e4-bdef-c139e7412b64,98a11a77-6927-4fec-abf0-6304521b5cc2,1624826519787,-16.8282466,32.6448788,2.0457237,-0.043698817,-0.0067534447,-0.0020008087,other,other,mixed,mixed
8a7fb2ff-c32c-43c0-ba1e-e1a25546cb5a,49c6faf2-7eca-48e4-bdef-c139e7412b64,88f80bac-c0aa-4632-a004-ce4c2fedae11,1624826519819,-16.8282466,32.6448788,2.0457237,-0.04521355,0.031005383,0.27566338,other,other,mixed,mixed
8a7fb2ff-c32c-43c0-ba1e-e1a25546cb5a,49c6faf2-7eca-48e4-bdef-c139e7412b64,632e2983-54e8-4f63-aab3-f7a1d49d9918,1624826519850,-16.8282466,32.6448788,2.0457237,0.021994323,0.042709827,0.14539814,other,other,mixed,mixed
8a7fb2ff-c32c-43c0-ba1e-e1a25546cb5a,49c6faf2-7eca-48e4-bdef-c139e7412b64,9bdc3572-9f17-48cc-abfb-34cdacd151bd,1624826519884,-16.8282466,32.6448788,2.0457237,0.016276002,0.023597717,-0.058575153,other,other,mixed,mixed
8a7fb2ff-c32c-43c0-ba1e-e1a25546cb5a,49c6faf2-7eca-48e4-bdef-c139e7412b64,343bab73-67f5-4fae-b372-f2fd481bbaad,1624826519917,-16.8282466,32.6448788,2.0457237,0.065577894,0.07557821,-0.027950287,other,other,mixed,mixed
8a7fb2ff-c32c-43c0-ba1e-e1a25546cb5a,49c6faf2-7eca-48e4-bdef-c139e7412b64,bc9c36aa-d74e-42f1-a17e-c889dfcdffdb,1624826519951,-16.8282466,32.6448788,2.0457237,0.03359911,0.0493536,-0.09263897,other,other,mixed,mixed
8a7fb2ff-c32c-43c0-ba1e-e1a25546cb5a,49c6faf2-7eca-48e4-bdef-c139e7412b64,0a7654da-4a5c-492d-b151-5e2040fb47d1,1624826519988,-16.8282466,32.6448788,2.0457237,0.012428939,0.06940889,-0.067295074,other,other,mixed,mixed
8a7fb2ff-c32c-43c0-ba1e-e1a25546cb5a,49c6faf2-7eca-48e4-bdef-c139e7412b64,0a80403f-6635-4cf9-832c-113b763730d2,1624826520021,-16.8282466,32.6448788,2.0457237,0.049314916,0.054143906,0.05587244,other,other,mixed,mixed
8a7fb2ff-c32c-43c0-ba1e-e1a25546cb5a,49c6faf2-7eca-48e4-bdef-c139e7412b64,79c0a3a1-3937-4ef7-8429-3db3ad6c5c3e,1624826520050,-16.8282466,32.6448788,2.0457237,0.017340869,-0.005311489,0.05651045,other,other,mixed,mixed
8a7fb2ff-c32c-43c0-ba1e-e1a25546cb5a,49c6faf2-7eca-48e4-bdef-c139e7412b64,0a08f278-cb8a-4bb4-bd4b-83c27ef12262,1624826520085,-16.8282466,32.6448788,2.0457237,-0.03191614,0.03736639,0.07088566,other,other,mixed,mixed
8a7fb2ff-c32c-43c0-ba1e-e1a25546cb5a,49c6faf2-7eca-48e4-bdef-c139e7412b64,9e291a17-4523-4b34-8bbe-99789a23070b,1624826520119,-16.8282466,32.6448788,2.0457237,-0.039343774,0.006258011,-0.01708889,other,other,mixed,mixed
8a7fb2ff-c32c-43c0-ba1e-e1a25546cb5a,49c6faf2-7eca-48e4-bdef-c139e7412b64,1f7b312c-7685-4a56-aa37-b7d433c482d3,1624826520152,-16.8282466,32.6448788,2.0457237,-0.047818154,-0.02961111,0.0058140755,other,other,mixed,mixed
8a7fb2ff-c32c-43c0-ba1e-e1a25546cb5a,49c6faf2-7eca-48e4-bdef-c139e7412b64,2f1625e4-ed27-4550-b03b-4264f1df886d,1624826520187,-16.8282466,32.6448788,2.0457237,0.007875323,0.033154964,-0.020830154,other,other,mixed,mixed
8a7fb2ff-c32c-43c0-ba1e-e1a25546cb5a,49c6faf2-7eca-48e4-bdef-c139e7412b64,3852df7b-24cf-4072-bfa0-85377db63a97,1624826520208,-16.8282466,32.6448788,2.0457237,0.026367873,0.012000084,-0.06847906,other,other,mixed,mixed
8a7fb2ff-c32c-43c0-ba1e-e1a25546cb5a,49c6faf2-7eca-48e4-bdef-c139e7412b64,708164d4-eea4-43d5-b3b1-ed799b52b758,1624826520235,-16.8282466,32.6448788,2.0457237,0.032742888,0.06779766,-0.010343552,other,other,mixed,mixed
8a7fb2ff-c32c-43c0-ba1e-e1a25546cb5a,49c6faf2-7eca-48e4-bdef-c139e7412b64,030b7bbd-a921-402e-a731-8a654bb61c90,1624826520266,-16.8282466,32.6448788,2.0457237,0.059402287,0.029539585,0.072695255,other,other,mixed,mixed
8a7fb2ff-c32c-43c0-ba1e-e1a25546cb5a,49c6faf2-7eca-48e4-bdef-c139e7412b64,66f073ec-2d96-4e82-901e-678bd050ee88,1624826520304,-16.8282466,32.6448788,2.0457237,0.035268992,0.015419006,0.11650181,other,other,mixed,mixed
8a7fb2ff-c32c-43c0-ba1e-e1a25546cb5a,49c6faf2-7eca-48e4-bdef-c139e7412b64,f5e85d2a-0807-4abe-a216-916ab52c4b3d,1624826520336,-16.8282466,32.6448788,2.0457237,0.02314943,0.074398994,0.061324596,other,other,mixed,mixed
8a7fb2ff-c32c-43c0-ba1e-e1a25546cb5a,49c6faf2-7eca-48e4-bdef-c139e7412b64,9e554cee-09a8-43ee-97a0-5555578d39ba,1624826520371,-16.8282782,32.6448949,1.7770106,0.030278862,-0.010771275,-0.08553457,other,other,mixed,mixed
8a7fb2ff-c32c-43c0-ba1e-e1a25546cb5a,49c6faf2-7eca-48e4-bdef-c139e7412b64,3388ae1e-3b50-4d77-95fa-cf5cbb49ac6b,1624826520400,-16.8282782,32.6448949,1.7770106,0.03415656,0.0043878555,-0.036962032,other,other,mixed,mixed
8a7fb2ff-c32c-43c0-ba1e-e1a25546cb5a,49c6faf2-7eca-48e4-bdef-c139e7412b64,603a19c9-c71a-4806-bbf3-b97122cddf15,1624826520433,-16.8282782,32.6448949,1.7770106,0.010617882,-0.01154089,0.009223461,other,other,mixed,mixed
8a7fb2ff-c32c-43c0-ba1e-e1a25546cb5a,49c6faf2-7eca-48e4-bdef-c139e7412b64,bd84de81-456c-4475-8b21-997b5790c9ba,1624826520468,-16.8282782,32.6448949,1.7770106,-0.025194883,0.05727148,-0.0016674995,other,other,mixed,mixed
8a7fb2ff-c32c-43c0-ba1e-e1a25546cb5a,49c6faf2-7eca-48e4-bdef-c139e7412b64,c55f027c-12cf-4d4f-b4af-1964f9d60a50,1624826520502,-16.8282782,32.6448949,1.7770106,0.005481094,0.016434193,-0.017952919,other,other,mixed,mixed
8a7fb2ff-c32c-43c0-ba1e-e1a25546cb5a,49c6faf2-7eca-48e4-bdef-c139e7412b64,cd20b30a-f327-4078-8183-690e4e455ac3,1624826520537,-16.8282782,32.6448949,1.7770106,-0.017105311,-0.009826183,0.013129711,other,other,mixed,mixed
8a7fb2ff-c32c-43c0-ba1e-e1a25546cb5a,49c6faf2-7eca-48e4-bdef-c139e7412b64,7b3e00d0-1eda-461c-b42d-f97bb77e2db4,1624826520568,-16.8282782,32.6448949,1.7770106,0.053285748,-0.0133805275,0.0376153,other,other,mixed,mixed
8a7fb2ff-c32c-43c0-ba1e-e1a25546cb5a,49c6faf2-7eca-48e4-bdef-c139e7412b64,0da86913-877b-46df-878c-cc05a0f3f1e3,1624826520600,-16.8282782,32.6448949,1.7770106,-0.009078801,0.029985905,0.07079983,other,other,mixed,mixed
8a7fb2ff-c32c-43c0-ba1e-e1a25546cb5a,49c6faf2-7eca-48e4-bdef-c139e7412b64,d44b152e-43fe-45fa-96ca-cec7787ba969,1624826520635,-16.8282782,32.6448949,1.7770106,0.0031305552,0.041042805,0.027878284,other,other,mixed,mixed
8a7fb2ff-c32c-43c0-ba1e-e1a25546cb5a,49c6faf2-7eca-48e4-bdef-c139e7412b64,335d08be-bcfc-4f7c-b925-8426907b995f,1624826520667,-16.8282782,32.6448949,1.7770106,0.039310724,0.030790806,0.03204298,other,other,mixed,mixed
8a7fb2ff-c32c-43c0-ba1e-e1a25546cb5a,49c6faf2-7eca-48e4-bdef-c139e7412b64,fbaba40f-ec3d-48fe-af0c-523795a52a96,1624826520703,-16.8282782,32.6448949,1.7770106,0.02925381,-0.004175186,-0.071128845,other,other,mixed,mixed
8a7fb2ff-c32c-43c0-ba1e-e1a25546cb5a,49c6faf2-7eca-48e4-bdef-c139e7412b64,6f0e32ea-e88f-49e4-8156-6d01898ebfcf,1624826520737,-16.8282782,32.6448949,1.7770106,-0.0039259493,0.011087894,-0.01900959,other,other,mixed,mixed
8a7fb2ff-c32c-43c0-ba1e-e1a25546cb5a,49c6faf2-7eca-48e4-bdef-c139e7412b64,30255354-f1e7-47c9-9747-dc110321b1b7,1624826520767,-16.8282782,32.6448949,1.7770106,-0.025275618,-0.018474102,-0.07838631,other,other,mixed,mixed
8a7fb2ff-c32c-43c0-ba1e-e1a25546cb5a,49c6faf2-7eca-48e4-bdef-c139e7412b64,5138c261-340d-4e41-a6bc-a7b5ae6ca726,1624826520803,-16.8282782,32.6448949,1.7770106,0.025979549,0.09334803,0.11534643,other,other,mixed,mixed
8a7fb2ff-c32c-43c0-ba1e-e1a25546cb5a,49c6faf2-7eca-48e4-bdef-c139e7412b64,d2e1a3bb-3c0a-4ed9-bab4-ce502e3c2549,1624826520835,-16.8282782,32.6448949,1.7770106,0.031245053,0.051101685,0.1647973,other,other,mixed,mixed
8a7fb2ff-c32c-43c0-ba1e-e1a25546cb5a,49c6faf2-7eca-48e4-bdef-c139e7412b64,c4cad14e-bfc6-425d-bb13-9949e8e601d9,1624826520868,-16.8282782,32.6448949,1.7770106,-0.014445573,-0.009432793,0.055990696,other,other,mixed,mixed
8a7fb2ff-c32c-43c0-ba1e-e1a25546cb5a,49c6faf2-7eca-48e4-bdef-c139e7412b64,89a30869-8cf6-4b36-b714-db0732d1e37f,1624826520903,-16.8282782,32.6448949,1.7770106,-0.057493567,0.038912773,-0.106395245,other,other,mixed,mixed
8a7fb2ff-c32c-43c0-ba1e-e1a25546cb5a,49c6faf2-7eca-48e4-bdef-c139e7412b64,978145ff-2a97-4e2e-b2d0-3d8e61a207b8,1624826520933,-16.8282782,32.6448949,1.7770106,0.0037318468,-0.043402195,-0.09023142,other,other,mixed,mixed
8a7fb2ff-c32c-43c0-ba1e-e1a25546cb5a,49c6faf2-7eca-48e4-bdef-c139e7412b64,6b896b74-7053-4cf8-803d-5300b422c6f7,1624826520967,-16.8282782,32.6448949,1.7770106,-0.005899489,-0.018288136,-0.0068621635,other,other,mixed,mixed
8a7fb2ff-c32c-43c0-ba1e-e1a25546cb5a,49c6faf2-7eca-48e4-bdef-c139e7412b64,3521d5d0-f780-4b15-9df6-5aa9c045b8a4,1624826521003,-16.8282782,32.6448949,1.7770106,-0.047734976,0.08863878,-0.044648647,other,other,mixed,mixed
8a7fb2ff-c32c-43c0-ba1e-e1a25546cb5a,49c6faf2-7eca-48e4-bdef-c139e7412b64,66fef2ce-ce50-4956-a34a-d3d336083775,1624826521036,-16.8282782,32.6448949,1.7770106,-0.047437638,0.013225079,0.11264181,other,other,mixed,mixed
8a7fb2ff-c32c-43c0-ba1e-e1a25546cb5a,49c6faf2-7eca-48e4-bdef-c139e7412b64,4a832afd-792a-4daf-a9bc-13a30e51ce1a,1624826521067,-16.8282782,32.6448949,1.7770106,0.019540697,0.00050878525,0.07786131,other,other,mixed,mixed
8a7fb2ff-c32c-43c0-ba1e-e1a25546cb5a,49c6faf2-7eca-48e4-bdef-c139e7412b64,9e0439dc-a106-4e64-b80c-710eb3c31915,1624826521103,-16.8282782,32.6448949,1.7770106,0.002905637,0.049633026,0.018900871,other,other,mixed,mixed
8a7fb2ff-c32c-43c0-ba1e-e1a25546cb5a,49c6faf2-7eca-48e4-bdef-c139e7412b64,18c98618-2f68-42db-95df-89238d09fde6,1624826521136,-16.8282782,32.6448949,1.7770106,0.022666454,0.009585857,0.069508076,other,other,mixed,mixed
8a7fb2ff-c32c-43c0-ba1e-e1a25546cb5a,49c6faf2-7eca-48e4-bdef-c139e7412b64,cc83176f-c16a-47d6-b994-8f5101535f25,1624826521167,-16.8282782,32.6448949,1.7770106,0.020213753,0.029489994,0.0008354187,other,other,mixed,mixed
8a7fb2ff-c32c-43c0-ba1e-e1a25546cb5a,49c6faf2-7eca-48e4-bdef-c139e7412b64,8140d5cb-e570-4469-a015-8b107657d009,1624826521202,-16.8282782,32.6448949,1.7770106,0.00086197257,-0.008202553,-0.06284809,other,other,mixed,mixed
8a7fb2ff-c32c-43c0-ba1e-e1a25546cb5a,49c6faf2-7eca-48e4-bdef-c139e7412b64,d41d05c0-8680-43b3-93ca-fb81446af58e,1624826521235,-16.8282782,32.6448949,1.7770106,0.022806078,0.04875946,-0.015862465,other,other,mixed,mixed
8a7fb2ff-c32c-43c0-ba1e-e1a25546cb5a,49c6faf2-7eca-48e4-bdef-c139e7412b64,d3cb10bd-1eb6-4a9e-b962-9e185ba619ce,1624826521267,-16.8282782,32.6448949,1.7770106,0.022443742,0.0039081573,0.057701588,other,other,mixed,mixed
8a7fb2ff-c32c-43c0-ba1e-e1a25546cb5a,49c6faf2-7eca-48e4-bdef-c139e7412b64,b84c6a37-a87f-427a-979f-1b5f89f16fce,1624826521301,-16.8282782,32.6448949,1.7770106,-0.003954917,0.08461094,0.05872202,other,other,mixed,mixed
8a7fb2ff-c32c-43c0-ba1e-e1a25546cb5a,49c6faf2-7eca-48e4-bdef-c139e7412b64,13cb5eb0-d7da-408e-9a64-7e4a1bbd11f6,1624826521337,-16.8282782,32.6448949,1.7770106,0.005354315,0.027758121,0.005039692,other,other,mixed,mixed
8a7fb2ff-c32c-43c0-ba1e-e1a25546cb5a,49c6faf2-7eca-48e4-bdef-c139e7412b64,d54cb950-1cc0-4bc2-acb2-3590c83edfce,1624826521368,-16.8282782,32.6448949,1.7770106,0.015599579,0.024514675,0.026856422,other,other,mixed,mixed
8a7fb2ff-c32c-43c0-ba1e-e1a25546cb5a,49c6faf2-7eca-48e4-bdef-c139e7412b64,11109c56-dc71-416e-89f1-e97ba6270ee9,1624826521400,-16.8282873,32.644895,0.37501168,-0.016324013,0.029612064,-0.010291576,other,other,mixed,mixed
8a7fb2ff-c32c-43c0-ba1e-e1a25546cb5a,49c6faf2-7eca-48e4-bdef-c139e7412b64,2ad19208-a4b2-4e99-af39-48a8e8779d24,1624826521433,-16.8282873,32.644895,0.37501168,0.0077626407,0.023899555,-0.0074419975,other,other,mixed,mixed
8a7fb2ff-c32c-43c0-ba1e-e1a25546cb5a,49c6faf2-7eca-48e4-bdef-c139e7412b64,3f296a1d-b92e-4110-a3ee-bb34f8edddcc,1624826521466,-16.8282873,32.644895,0.37501168,0.008984894,0.008255482,0.051228046,other,other,mixed,mixed
8a7fb2ff-c32c-43c0-ba1e-e1a25546cb5a,49c6faf2-7eca-48e4-bdef-c139e7412b64,bf7bed8e-e406-4fa2-9711-81ae2c9b3412,1624826521502,-16.8282873,32.644895,0.37501168,0.010870516,0.05280733,-0.0015444756,other,other,mixed,mixed
8a7fb2ff-c32c-43c0-ba1e-e1a25546cb5a,49c6faf2-7eca-48e4-bdef-c139e7412b64,cd03ff2b-a1cc-4506-8c65-3d0827c1fc70,1624826521537,-16.8282873,32.644895,0.37501168,0.042181075,-0.007338524,-0.008114815,other,other,mixed,mixed
8a7fb2ff-c32c-43c0-ba1e-e1a25546cb5a,49c6faf2-7eca-48e4-bdef-c139e7412b64,fa9900e7-cf40-432e-a432-9da03b9154cd,1624826521569,-16.8282873,32.644895,0.37501168,-0.0294258,0.012983799,0.019609928,other,other,mixed,mixed
8a7fb2ff-c32c-43c0-ba1e-e1a25546cb5a,49c6faf2-7eca-48e4-bdef-c139e7412b64,2e7c2683-beec-45ec-8847-b5f4434d3670,1624826521602,-16.8282873,32.644895,0.37501168,0.022732854,0.04659033,0.016186714,other,other,mixed,mixed
8a7fb2ff-c32c-43c0-ba1e-e1a25546cb5a,49c6faf2-7eca-48e4-bdef-c139e7412b64,6068882a-a0db-40de-8ee3-20fbd74cd96b,1624826521623,-16.8282873,32.644895,0.37501168,0.041576385,0.042322636,0.020495892,other,other,mixed,mixed
8a7fb2ff-c32c-43c0-ba1e-e1a25546cb5a,49c6faf2-7eca-48e4-bdef-c139e7412b64,6a1917a1-1bf8-43f2-9c4f-1e11efaa10d7,1624826521650,-16.8282873,32.644895,0.37501168,0.03215742,0.04202509,0.041965008,other,other,mixed,mixed
8a7fb2ff-c32c-43c0-ba1e-e1a25546cb5a,49c6faf2-7eca-48e4-bdef-c139e7412b64,22a59df1-72cc-4e6d-949a-03c6f426bd33,1624826521687,-16.8282873,32.644895,0.37501168,0.006780714,-0.010173798,0.06806803,other,other,mixed,mixed
8a7fb2ff-c32c-43c0-ba1e-e1a25546cb5a,49c6faf2-7eca-48e4-bdef-c139e7412b64,625f8988-c8d0-48d1-8e4e-53a96bf9cea2,1624826521719,-16.8282873,32.644895,0.37501168,-0.009359002,0.022667885,-0.036612988,other,other,mixed,mixed
8a7fb2ff-c32c-43c0-ba1e-e1a25546cb5a,49c6faf2-7eca-48e4-bdef-c139e7412b64,fed732d3-7280-413d-8bbf-5122ea907da2,1624826521750,-16.8282873,32.644895,0.37501168,-0.034451306,-0.0016765594,-0.023727417,other,other,mixed,mixed
8a7fb2ff-c32c-43c0-ba1e-e1a25546cb5a,49c6faf2-7eca-48e4-bdef-c139e7412b64,4841b14e-cc74-427a-ae90-b5a0afdf2504,1624826521784,-16.8282873,32.644895,0.37501168,-0.024518937,0.032387257,0.016976357,other,other,mixed,mixed
8a7fb2ff-c32c-43c0-ba1e-e1a25546cb5a,49c6faf2-7eca-48e4-bdef-c139e7412b64,c13d1607-e521-4755-b24e-c9270994c246,1624826521819,-16.8282873,32.644895,0.37501168,0.031782806,-0.0072488785,0.14274263,other,other,mixed,mixed
8a7fb2ff-c32c-43c0-ba1e-e1a25546cb5a,c4cf250d-e512-48c0-828f-717b1cc468f5,01c1a22b-9167-4179-9532-f568d7a49be6,1624826528523,-16.8283109,32.6448346,0.35049576,-0.04044385,-0.0068507195,0.04335308,other,other,mixed,mixed
8a7fb2ff-c32c-43c0-ba1e-e1a25546cb5a,c4cf250d-e512-48c0-828f-717b1cc468f5,9e69ae59-2595-4aaa-8aea-c804fcdd1799,1624826528620,-16.8283109,32.6448346,0.35049576,-0.021651438,-0.030819416,-0.047751427,other,other,mixed,mixed
8a7fb2ff-c32c-43c0-ba1e-e1a25546cb5a,c4cf250d-e512-48c0-828f-717b1cc468f5,23b50879-bbd7-43c7-b7c4-bad34b311b34,1624826528643,-16.8283109,32.6448346,0.35049576,0.013809577,0.03242874,-0.050900936,other,other,mixed,mixed
8a7fb2ff-c32c-43c0-ba1e-e1a25546cb5a,c4cf250d-e512-48c0-828f-717b1cc468f5,ec957a15-220b-47b0-b0ca-252c666f46f2,1624826528669,-16.8283109,32.6448346,0.35049576,0.018797033,0.048457623,0.07997942,other,other,mixed,mixed
8a7fb2ff-c32c-43c0-ba1e-e1a25546cb5a,c4cf250d-e512-48c0-828f-717b1cc468f5,17270072-4871-4e0f-84ab-008de213a013,1624826528690,-16.8283109,32.6448346,0.35049576,0.014398992,0.038585186,0.18912554,other,other,mixed,mixed
8a7fb2ff-c32c-43c0-ba1e-e1a25546cb5a,c4cf250d-e512-48c0-828f-717b1cc468f5,6df8c308-5be3-4a38-9027-88d20e416185,1624826528719,-16.8283109,32.6448346,0.35049576,0.016238801,0.038443565,0.17367744,other,other,mixed,mixed
8a7fb2ff-c32c-43c0-ba1e-e1a25546cb5a,c4cf250d-e512-48c0-828f-717b1cc468f5,0982ea5a-c25b-4007-ab38-8a62a027fa1a,1624826528753,-16.8283109,32.6448346,0.35049576,0.033564694,0.08808088,0.0011963844,other,other,mixed,mixed
8a7fb2ff-c32c-43c0-ba1e-e1a25546cb5a,c4cf250d-e512-48c0-828f-717b1cc468f5,b62e6ca1-51e4-4fa7-b1b7-f0de2c313d94,1624826528774,-16.8283109,32.6448346,0.35049576,0.047510535,0.08515453,0.07351017,other,other,mixed,mixed
8a7fb2ff-c32c-43c0-ba1e-e1a25546cb5a,c4cf250d-e512-48c0-828f-717b1cc468f5,7ddc95a0-b749-4289-816b-c23af6ccac5e,1624826528802,-16.8283109,32.6448346,0.35049576,0.044580683,0.019525051,-0.14396954,other,other,mixed,mixed
8a7fb2ff-c32c-43c0-ba1e-e1a25546cb5a,c4cf250d-e512-48c0-828f-717b1cc468f5,8b684a2a-a40a-4a67-9254-116666d76b14,1624826528835,-16.8283109,32.6448346,0.35049576,-0.0053510666,0.04076767,-0.036218166,other,other,mixed,mixed
8a7fb2ff-c32c-43c0-ba1e-e1a25546cb5a,c4cf250d-e512-48c0-828f-717b1cc468f5,572eb853-f4c4-47f2-888f-a9776f3f4740,1624826528855,-16.8283109,32.6448346,0.35049576,-0.05997719,0.02020216,-0.014515877,other,other,mixed,mixed
8a7fb2ff-c32c-43c0-ba1e-e1a25546cb5a,c4cf250d-e512-48c0-828f-717b1cc468f5,9c0379ee-df6a-43b4-9a3b-63b3d262fa40,1624826528875,-16.8283109,32.6448346,0.35049576,-0.045038357,0.012953758,-0.05742979,other,other,mixed,mixed
8a7fb2ff-c32c-43c0-ba1e-e1a25546cb5a,c4cf250d-e512-48c0-828f-717b1cc468f5,d8b30a44-5558-4a1e-bb23-9b84a0e81341,1624826528905,-16.8283109,32.6448346,0.35049576,-0.057890575,-0.012584209,0.08136034,other,other,mixed,mixed
8a7fb2ff-c32c-43c0-ba1e-e1a25546cb5a,c4cf250d-e512-48c0-828f-717b1cc468f5,16416d4c-9c6f-45ab-b2b4-484ad2586ba7,1624826528926,-16.8283109,32.6448346,0.35049576,-0.0115686655,-0.0031204224,0.004606247,other,other,mixed,mixed
8a7fb2ff-c32c-43c0-ba1e-e1a25546cb5a,c4cf250d-e512-48c0-828f-717b1cc468f5,d3d566d2-5adc-428d-813b-b16112315f1e,1624826528954,-16.8283109,32.6448346,0.35049576,0.0069757774,0.040361404,0.0374465,other,other,mixed,mixed
8a7fb2ff-c32c-43c0-ba1e-e1a25546cb5a,c4cf250d-e512-48c0-828f-717b1cc468f5,7f104b24-3979-4f9d-84a3-87d561837d7f,1624826528987,-16.8283109,32.6448346,0.35049576,-0.00659097,-0.024538994,0.14110708,other,other,mixed,mixed
8a7fb2ff-c32c-43c0-ba1e-e1a25546cb5a,c4cf250d-e512-48c0-828f-717b1cc468f5,4cb22278-eb22-4f3f-ac88-c04d2bef920e,1624826529021,-16.8283109,32.6448346,0.35049576,-0.003553763,0.0268116,0.06263733,other,other,mixed,mixed
8a7fb2ff-c32c-43c0-ba1e-e1a25546cb5a,c4cf250d-e512-48c0-828f-717b1cc468f5,d79e2793-9de4-4bfd-bf72-8596496da292,1624826529042,-16.8283109,32.6448346,0.35049576,0.030277342,0.023779392,-0.0038089752,other,other,mixed,mixed
8a7fb2ff-c32c-43c0-ba1e-e1a25546cb5a,c4cf250d-e512-48c0-828f-717b1cc468f5,f79b753d-f60a-4455-8e06-10a957ec0fe7,1624826529073,-16.8283109,32.6448346,0.35049576,-0.015455484,0.029420853,-0.08548021,other,other,mixed,mixed
8a7fb2ff-c32c-43c0-ba1e-e1a25546cb5a,c4cf250d-e512-48c0-828f-717b1cc468f5,076d9548-850a-4929-9e68-e9df7f5f4a3a,1624826529103,-16.8283109,32.6448346,0.35049576,0.02491504,0.020511627,-0.049911022,other,other,mixed,mixed
8a7fb2ff-c32c-43c0-ba1e-e1a25546cb5a,c4cf250d-e512-48c0-828f-717b1cc468f5,8c5dcfb0-61cc-4459-bb20-6ebf9c8743a6,1624826529123,-16.8283109,32.6448346,0.35049576,0.022116892,0.019705772,-0.0007972717,other,other,mixed,mixed
8a7fb2ff-c32c-43c0-ba1e-e1a25546cb5a,c4cf250d-e512-48c0-828f-717b1cc468f5,eaf19106-5a8c-4251-a3f5-0a0ca89e9b39,1624826529152,-16.8283109,32.6448346,0.35049576,-0.010372784,0.025693417,0.03755951,other,other,mixed,mixed
8a7fb2ff-c32c-43c0-ba1e-e1a25546cb5a,c4cf250d-e512-48c0-828f-717b1cc468f5,da6cc208-adc2-4249-b824-d5200aad9cf4,1624826529187,-16.8283109,32.6448346,0.35049576,-0.032668367,0.0054130554,0.063220024,other,other,mixed,mixed
8a7fb2ff-c32c-43c0-ba1e-e1a25546cb5a,c4cf250d-e512-48c0-828f-717b1cc468f5,fd7faaf0-0f09-4295-816b-d9dd1f67a6bd,1624826529207,-16.8283109,32.6448346,0.35049576,-0.034191743,-0.0041031837,0.085561275,other,other,mixed,mixed
8a7fb2ff-c32c-43c0-ba1e-e1a25546cb5a,c4cf250d-e512-48c0-828f-717b1cc468f5,3afbe8fb-3205-44a6-8cb5-9e41caf41bb5,1624826529240,-16.8283109,32.6448346,0.35049576,-0.015071925,0.036510468,0.09160137,other,other,mixed,mixed
8a7fb2ff-c32c-43c0-ba1e-e1a25546cb5a,c4cf250d-e512-48c0-828f-717b1cc468f5,64711e6b-7620-4462-aca7-48698221dd99,1624826529271,-16.8283109,32.6448346,0.35049576,-0.012039375,0.0333333,0.07644749,other,other,mixed,mixed
8a7fb2ff-c32c-43c0-ba1e-e1a25546cb5a,c4cf250d-e512-48c0-828f-717b1cc468f5,002c7cdf-55d7-40c4-8732-e03083cfbac6,1624826529304,-16.8283109,32.6448346,0.35049576,0.005199559,0.065574646,0.012104511,other,other,mixed,mixed
8a7fb2ff-c32c-43c0-ba1e-e1a25546cb5a,c4cf250d-e512-48c0-828f-717b1cc468f5,618dd755-4fa2-4b11-ab4f-c69288caceda,1624826529326,-16.8283109,32.6448346,0.35049576,0.053829543,0.07751942,0.027256489,other,other,mixed,mixed
8a7fb2ff-c32c-43c0-ba1e-e1a25546cb5a,c4cf250d-e512-48c0-828f-717b1cc468f5,75137a4f-d48e-4aaf-b499-9d948d407256,1624826529358,-16.8283109,32.6448346,0.35049576,0.0806948,0.05797243,-0.07172012,other,other,mixed,mixed
8a7fb2ff-c32c-43c0-ba1e-e1a25546cb5a,c4cf250d-e512-48c0-828f-717b1cc468f5,fac14157-3a46-4bb6-a050-d3b1d3853b70,1624826529389,-16.8283074,32.6448287,0.28791744,0.046634875,0.066654205,-0.0124082565,other,other,mixed,mixed
8a7fb2ff-c32c-43c0-ba1e-e1a25546cb5a,c4cf250d-e512-48c0-828f-717b1cc468f5,20b35579-4166-4716-8525-fe7c48655d35,1624826529423,-16.8283074,32.6448287,0.28791744,-0.0052951537,0.011263847,0.0056972504,other,other,mixed,mixed
8a7fb2ff-c32c-43c0-ba1e-e1a25546cb5a,c4cf250d-e512-48c0-828f-717b1cc468f5,d78db3ec-7bad-411f-967e-e78a3184861f,1624826529455,-16.8283074,32.6448287,0.28791744,-0.03995009,-0.012916565,0.052468777,other,other,mixed,mixed
8a7fb2ff-c32c-43c0-ba1e-e1a25546cb5a,c4cf250d-e512-48c0-828f-717b1cc468f5,411c6ad9-0d54-41c3-81e4-b49b67436499,1624826529476,-16.8283074,32.6448287,0.28791744,-0.051588036,0.014718056,0.03260994,other,other,mixed,mixed
8a7fb2ff-c32c-43c0-ba1e-e1a25546cb5a,c4cf250d-e512-48c0-828f-717b1cc468f5,59d9bbcc-1fc9-46d9-bb4b-bc8774fc9a36,1624826529505,-16.8283074,32.6448287,0.28791744,-0.00446913,0.038578033,0.07697964,other,other,mixed,mixed
8a7fb2ff-c32c-43c0-ba1e-e1a25546cb5a,c4cf250d-e512-48c0-828f-717b1cc468f5,c25360ca-01a9-498b-a61c-81a1e8ac98de,1624826529525,-16.8283074,32.6448287,0.28791744,-0.040650655,-0.009782314,0.041573524,other,other,mixed,mixed
8a7fb2ff-c32c-43c0-ba1e-e1a25546cb5a,c4cf250d-e512-48c0-828f-717b1cc468f5,03c4708d-5d62-4eeb-8a6d-3fefeb8aa2c2,1624826529557,-16.8283074,32.6448287,0.28791744,-0.023714779,0.022527218,-0.045073986,other,other,mixed,mixed
8a7fb2ff-c32c-43c0-ba1e-e1a25546cb5a,c4cf250d-e512-48c0-828f-717b1cc468f5,e7c2c895-079b-4351-9baf-c97851802953,1624826529591,-16.8283074,32.6448287,0.28791744,-0.0055670626,0.029466152,-0.062925816,other,other,mixed,mixed
8a7fb2ff-c32c-43c0-ba1e-e1a25546cb5a,c4cf250d-e512-48c0-828f-717b1cc468f5,acbee447-19a1-43e1-9561-b2f629eb8a75,1624826529625,-16.8283074,32.6448287,0.28791744,0.048207894,0.047685623,-0.07070732,other,other,mixed,mixed
8a7fb2ff-c32c-43c0-ba1e-e1a25546cb5a,c4cf250d-e512-48c0-828f-717b1cc468f5,a6d26389-145c-4ae0-9c01-65b6351630a0,1624826529657,-16.8283074,32.6448287,0.28791744,0.0796375,0.06383228,-0.12539673,other,other,mixed,mixed
8a7fb2ff-c32c-43c0-ba1e-e1a25546cb5a,c4cf250d-e512-48c0-828f-717b1cc468f5,9f570abe-c68a-4ce7-8081-3b323a3b9a74,1624826529690,-16.8283074,32.6448287,0.28791744,0.22772726,0.04801321,0.037216663,other,other,mixed,mixed
8a7fb2ff-c32c-43c0-ba1e-e1a25546cb5a,c4cf250d-e512-48c0-828f-717b1cc468f5,39d0017e-7413-4ca7-af3d-5fece997df9b,1624826529725,-16.8283074,32.6448287,0.28791744,0.24657305,0.13394547,-0.15328789,other,other,mixed,mixed
8a7fb2ff-c32c-43c0-ba1e-e1a25546cb5a,c4cf250d-e512-48c0-828f-717b1cc468f5,fa7e3165-3c75-4080-8bc7-a0b7f803a41b,1624826529760,-16.8283074,32.6448287,0.28791744,0.3577935,0.1421566,-0.11957502,other,other,mixed,mixed
8a7fb2ff-c32c-43c0-ba1e-e1a25546cb5a,c4cf250d-e512-48c0-828f-717b1cc468f5,9125d615-f264-4964-8baa-392cf79c5994,1624826529792,-16.8283074,32.6448287,0.28791744,0.7408418,0.20173645,-0.267941,other,other,mixed,mixed
8a7fb2ff-c32c-43c0-ba1e-e1a25546cb5a,c4cf250d-e512-48c0-828f-717b1cc468f5,885b4c5f-251e-4090-aa95-e8177d7f9cf5,1624826529824,-16.8283074,32.6448287,0.28791744,0.8011669,0.055162907,-0.518136,other,other,mixed,mixed
8a7fb2ff-c32c-43c0-ba1e-e1a25546cb5a,c4cf250d-e512-48c0-828f-717b1cc468f5,787cfd3a-e290-4350-a456-f04384846cf4,1624826529861,-16.8283074,32.6448287,0.28791744,0.6792754,-0.54908085,-0.37565756,other,other,mixed,mixed
8a7fb2ff-c32c-43c0-ba1e-e1a25546cb5a,c4cf250d-e512-48c0-828f-717b1cc468f5,23daa98c-1389-4427-b699-f34400b30e7c,1624826529891,-16.8283074,32.6448287,0.28791744,0.6927908,-1.8174529,-0.77366304,other,other,mixed,mixed
8a7fb2ff-c32c-43c0-ba1e-e1a25546cb5a,c4cf250d-e512-48c0-828f-717b1cc468f5,738033d7-15a7-463e-9238-039a9214f7ad,1624826529924,-16.8283074,32.6448287,0.28791744,0.5818098,-0.53166676,-0.7567172,other,other,mixed,mixed
8a7fb2ff-c32c-43c0-ba1e-e1a25546cb5a,c4cf250d-e512-48c0-828f-717b1cc468f5,6515bff5-3a0b-443d-905b-1c4eebd813ce,1624826529960,-16.8283074,32.6448287,0.28791744,0.41737583,0.8975425,0.15460587,other,other,mixed,mixed
8a7fb2ff-c32c-43c0-ba1e-e1a25546cb5a,c4cf250d-e512-48c0-828f-717b1cc468f5,4f567f91-5520-443a-b8af-b52cd521dedf,1624826529992,-16.8283074,32.6448287,0.28791744,-0.26088765,0.55617094,0.855773,other,other,mixed,mixed
8a7fb2ff-c32c-43c0-ba1e-e1a25546cb5a,c4cf250d-e512-48c0-828f-717b1cc468f5,13626b03-0937-4141-89ee-c516a1a77932,1624826530026,-16.8283074,32.6448287,0.28791744,-0.86630255,1.2471666,1.4578133,other,other,mixed,mixed
8a7fb2ff-c32c-43c0-ba1e-e1a25546cb5a,c4cf250d-e512-48c0-828f-717b1cc468f5,cba0b157-336f-415e-8bfa-86b78660902b,1624826530059,-16.8283074,32.6448287,0.28791744,-1.2284864,0.8346214,1.502038,other,other,mixed,mixed
8a7fb2ff-c32c-43c0-ba1e-e1a25546cb5a,c4cf250d-e512-48c0-828f-717b1cc468f5,27b717cf-eae6-4394-a3d8-84ba8b44f32f,1624826530091,-16.8283074,32.6448287,0.28791744,-1.0643876,0.4072032,0.8355932,other,other,mixed,mixed
8a7fb2ff-c32c-43c0-ba1e-e1a25546cb5a,c4cf250d-e512-48c0-828f-717b1cc468f5,956ba80b-8210-47d6-b51b-b3295adf3a73,1624826530125,-16.8283074,32.6448287,0.28791744,-0.32255998,-0.13363218,0.41572762,other,other,mixed,mixed
8a7fb2ff-c32c-43c0-ba1e-e1a25546cb5a,c4cf250d-e512-48c0-828f-717b1cc468f5,c6d0f5d0-392f-44cb-9b88-c433be8a2926,1624826530161,-16.8283074,32.6448287,0.28791744,-0.1801687,-0.58179665,0.17262077,other,other,mixed,mixed
8a7fb2ff-c32c-43c0-ba1e-e1a25546cb5a,c4cf250d-e512-48c0-828f-717b1cc468f5,b4dc3005-6c41-4ec9-9ae4-aa27e40b7e4a,1624826530194,-16.8283074,32.6448287,0.28791744,-0.24593037,-1.1360941,-0.3047123,other,other,mixed,mixed
8a7fb2ff-c32c-43c0-ba1e-e1a25546cb5a,c4cf250d-e512-48c0-828f-717b1cc468f5,6fdac22e-1488-4a73-af12-7ee93d3e99e4,1624826530227,-16.8283074,32.6448287,0.28791744,-0.050646476,-0.6116123,-0.54327106,other,other,mixed,mixed
8a7fb2ff-c32c-43c0-ba1e-e1a25546cb5a,c4cf250d-e512-48c0-828f-717b1cc468f5,89e3bd4b-f889-4b06-ba14-d8213ee670b2,1624826530259,-16.8283074,32.6448287,0.28791744,-0.40095446,-0.113557816,-1.1322732,other,other,mixed,mixed
8a7fb2ff-c32c-43c0-ba1e-e1a25546cb5a,c4cf250d-e512-48c0-828f-717b1cc468f5,ac41178f-0913-4439-9ea0-30a69d0a8050,1624826530292,-16.8283074,32.6448287,0.28791744,-0.18335558,0.09695673,-0.5296693,other,other,mixed,mixed
8a7fb2ff-c32c-43c0-ba1e-e1a25546cb5a,c4cf250d-e512-48c0-828f-717b1cc468f5,7bc5159b-993f-458d-b440-d1d4fa286f7e,1624826530325,-16.8283074,32.6448287,0.28791744,-0.035138503,0.03045082,0.15875721,other,other,mixed,mixed
8a7fb2ff-c32c-43c0-ba1e-e1a25546cb5a,c4cf250d-e512-48c0-828f-717b1cc468f5,ac2c0e89-8338-4f9e-91e7-25bcbf790f2a,1624826530362,-16.8283074,32.6448287,0.28791744,0.09909949,0.096494675,0.47158813,other,other,mixed,mixed
8a7fb2ff-c32c-43c0-ba1e-e1a25546cb5a,c4cf250d-e512-48c0-828f-717b1cc468f5,d97d0151-7804-49a0-ae71-31f8c28d516a,1624826530390,-16.8283051,32.6448196,0.31106815,0.017968595,0.14452505,0.34366035,other,other,mixed,mixed
8a7fb2ff-c32c-43c0-ba1e-e1a25546cb5a,c4cf250d-e512-48c0-828f-717b1cc468f5,ca9f104d-8c49-4e47-abe0-4d79c21aa3c0,1624826530425,-16.8283051,32.6448196,0.31106815,0.105237156,0.16138887,0.3305254,other,other,mixed,mixed
8a7fb2ff-c32c-43c0-ba1e-e1a25546cb5a,c4cf250d-e512-48c0-828f-717b1cc468f5,0a0ebb35-bcd8-46cd-8995-6c242db03601,1624826530461,-16.8283051,32.6448196,0.31106815,-0.034888655,0.06890011,0.3045349,other,other,mixed,mixed
8a7fb2ff-c32c-43c0-ba1e-e1a25546cb5a,c4cf250d-e512-48c0-828f-717b1cc468f5,dc99b75e-4496-4f3f-9ffe-26e5f60bfac3,1624826530493,-16.8283051,32.6448196,0.31106815,-0.1342842,0.03261757,0.0058579445,other,other,mixed,mixed
8a7fb2ff-c32c-43c0-ba1e-e1a25546cb5a,c4cf250d-e512-48c0-828f-717b1cc468f5,f8e2285a-4f91-4840-8d56-e3d53dac4b26,1624826530525,-16.8283051,32.6448196,0.31106815,-0.07390593,-0.035780907,-0.28171587,other,other,mixed,mixed
8a7fb2ff-c32c-43c0-ba1e-e1a25546cb5a,c4cf250d-e512-48c0-828f-717b1cc468f5,b1e000b3-f34b-4902-80ee-408b28826d53,1624826530560,-16.8283051,32.6448196,0.31106815,-0.04747653,-0.03987789,-0.17660141,other,other,mixed,mixed
8a7fb2ff-c32c-43c0-ba1e-e1a25546cb5a,c4cf250d-e512-48c0-828f-717b1cc468f5,5b205254-36f4-4de4-bfeb-f48e8a0a435d,1624826530591,-16.8283051,32.6448196,0.31106815,-0.0620991,-0.0083703995,-0.1400075,other,other,mixed,mixed
8a7fb2ff-c32c-43c0-ba1e-e1a25546cb5a,c4cf250d-e512-48c0-828f-717b1cc468f5,5e92daea-ce94-43ee-8c81-5a648db64978,1624826530626,-16.8283051,32.6448196,0.31106815,0.058242083,-0.0001950264,0.10849619,other,other,mixed,mixed
8a7fb2ff-c32c-43c0-ba1e-e1a25546cb5a,c4cf250d-e512-48c0-828f-717b1cc468f5,c8b2b1b7-2228-4eb1-91aa-1e4d04479fa7,1624826530661,-16.8283051,32.6448196,0.31106815,0.035295427,0.07267237,-0.11225128,other,other,mixed,mixed
8a7fb2ff-c32c-43c0-ba1e-e1a25546cb5a,c4cf250d-e512-48c0-828f-717b1cc468f5,8cd417a2-3898-4196-88d7-1d23f79fa923,1624826530692,-16.8283051,32.6448196,0.31106815,0.08410171,0.08884573,-0.047502995,other,other,mixed,mixed
8a7fb2ff-c32c-43c0-ba1e-e1a25546cb5a,c4cf250d-e512-48c0-828f-717b1cc468f5,0237ffe0-cfb6-4721-b07b-5caf961ac5eb,1624826530726,-16.8283051,32.6448196,0.31106815,0.11151701,0.06668997,-0.024299622,other,other,mixed,mixed
8a7fb2ff-c32c-43c0-ba1e-e1a25546cb5a,c4cf250d-e512-48c0-828f-717b1cc468f5,8cbf41de-feec-4dce-900a-0348410407a3,1624826530760,-16.8283051,32.6448196,0.31106815,0.047911525,-0.007255554,0.08446264,other,other,mixed,mixed
8a7fb2ff-c32c-43c0-ba1e-e1a25546cb5a,c4cf250d-e512-48c0-828f-717b1cc468f5,7dd083a8-265a-423a-881e-b3e64b71e507,1624826530794,-16.8283051,32.6448196,0.31106815,-0.012624472,0.0064840317,0.15579748,other,other,mixed,mixed
8a7fb2ff-c32c-43c0-ba1e-e1a25546cb5a,c4cf250d-e512-48c0-828f-717b1cc468f5,dc882fe1-895c-4e5e-9af4-061bed2e45ac,1624826530827,-16.8283051,32.6448196,0.31106815,0.1335842,-0.015614986,0.0935874,other,other,mixed,mixed
8a7fb2ff-c32c-43c0-ba1e-e1a25546cb5a,c4cf250d-e512-48c0-828f-717b1cc468f5,7c931053-7632-4ddf-9d1c-c35a1d35410f,1624826530861,-16.8283051,32.6448196,0.31106815,-0.005575657,0.060793877,0.05835867,other,other,mixed,mixed
8a7fb2ff-c32c-43c0-ba1e-e1a25546cb5a,c4cf250d-e512-48c0-828f-717b1cc468f5,3a21c2ea-864d-4595-9d35-23cf719b97a3,1624826530894,-16.8283051,32.6448196,0.31106815,0.020107508,0.04715967,-0.023755074,other,other,mixed,mixed
8a7fb2ff-c32c-43c0-ba1e-e1a25546cb5a,c4cf250d-e512-48c0-828f-717b1cc468f5,abbda8d8-32fb-4be0-be69-e9d7cf880179,1624826530927,-16.8283051,32.6448196,0.31106815,-0.077222645,0.026853085,-0.0012450218,other,other,mixed,mixed
8a7fb2ff-c32c-43c0-ba1e-e1a25546cb5a,c4cf250d-e512-48c0-828f-717b1cc468f5,94b5a5b4-e695-41dc-971c-509d179fd9be,1624826530961,-16.8283051,32.6448196,0.31106815,0.0050382614,-0.050417423,0.03248167,other,other,mixed,mixed
8a7fb2ff-c32c-43c0-ba1e-e1a25546cb5a,c4cf250d-e512-48c0-828f-717b1cc468f5,1d96b0f7-f15d-4f63-b370-45983069948a,1624826530994,-16.8283051,32.6448196,0.31106815,-0.04569459,0.16404772,-0.08652401,other,other,mixed,mixed
8a7fb2ff-c32c-43c0-ba1e-e1a25546cb5a,c4cf250d-e512-48c0-828f-717b1cc468f5,f27aa1bc-886b-40c3-a53e-e096524ebaaa,1624826531014,-16.8283051,32.6448196,0.31106815,-0.003335774,0.09048605,0.025297165,other,other,mixed,mixed
8a7fb2ff-c32c-43c0-ba1e-e1a25546cb5a,c4cf250d-e512-48c0-828f-717b1cc468f5,934d2742-b81c-48db-b706-04d887973a83,1624826531044,-16.8283051,32.6448196,0.31106815,0.019728601,-0.007167816,-0.0020632744,other,other,mixed,mixed
8a7fb2ff-c32c-43c0-ba1e-e1a25546cb5a,c4cf250d-e512-48c0-828f-717b1cc468f5,ce3c524c-1ed8-48a9-b1b5-9f2f725ad8dd,1624826531079,-16.8283051,32.6448196,0.31106815,-0.00827387,-0.07254982,0.034584045,other,other,mixed,mixed
8a7fb2ff-c32c-43c0-ba1e-e1a25546cb5a,c4cf250d-e512-48c0-828f-717b1cc468f5,0a88d809-6e42-4536-8271-1c7172b94bd3,1624826531110,-16.8283051,32.6448196,0.31106815,0.012254596,0.03345537,0.043047428,other,other,mixed,mixed
8a7fb2ff-c32c-43c0-ba1e-e1a25546cb5a,c4cf250d-e512-48c0-828f-717b1cc468f5,ddfd885d-5628-4251-b135-8c47650a7779,1624826531145,-16.8283051,32.6448196,0.31106815,0.024563104,0.07612419,-0.010649204,other,other,mixed,mixed
8a7fb2ff-c32c-43c0-ba1e-e1a25546cb5a,c4cf250d-e512-48c0-828f-717b1cc468f5,0c678e46-959b-4272-9c90-76578244748d,1624826531179,-16.8283051,32.6448196,0.31106815,-0.013827503,-0.06606531,-0.032850266,other,other,mixed,mixed
8a7fb2ff-c32c-43c0-ba1e-e1a25546cb5a,c4cf250d-e512-48c0-828f-717b1cc468f5,c3a525e1-1222-4ebb-b5b3-2d24cba97a1a,1624826531212,-16.8283051,32.6448196,0.31106815,-0.0052497387,0.05439043,0.017150402,other,other,mixed,mixed
8a7fb2ff-c32c-43c0-ba1e-e1a25546cb5a,c4cf250d-e512-48c0-828f-717b1cc468f5,23e948b6-e2ea-4c1a-8732-277b7e602028,1624826531242,-16.8283051,32.6448196,0.31106815,-0.011386901,-0.004214287,0.035990715,other,other,mixed,mixed
8a7fb2ff-c32c-43c0-ba1e-e1a25546cb5a,c4cf250d-e512-48c0-828f-717b1cc468f5,d3b9381c-d572-47e0-a0da-a2e9fe4bd90b,1624826531277,-16.8283051,32.6448196,0.31106815,-0.014323264,0.060973644,-0.0075621605,other,other,mixed,mixed
8a7fb2ff-c32c-43c0-ba1e-e1a25546cb5a,c4cf250d-e512-48c0-828f-717b1cc468f5,0d40d125-47f7-415d-b536-4be35131c014,1624826531308,-16.8283051,32.6448196,0.31106815,-0.02858457,0.0011053085,-0.03067875,other,other,mixed,mixed
8a7fb2ff-c32c-43c0-ba1e-e1a25546cb5a,c4cf250d-e512-48c0-828f-717b1cc468f5,d15a4233-9168-4e7d-a94f-14f85a71b44a,1624826531347,-16.8283051,32.6448196,0.31106815,0.026684642,0.09460449,0.055038452,other,other,mixed,mixed
8a7fb2ff-c32c-43c0-ba1e-e1a25546cb5a,c4cf250d-e512-48c0-828f-717b1cc468f5,00585899-646f-479e-9092-b35855ab8ca2,1624826531377,-16.8283058,32.6448115,0.3872691,0.025809377,0.046209812,0.079202175,other,other,mixed,mixed
8a7fb2ff-c32c-43c0-ba1e-e1a25546cb5a,c4cf250d-e512-48c0-828f-717b1cc468f5,f8153c46-2c2f-419d-b5fe-8e10e1b4d858,1624826531409,-16.8283058,32.6448115,0.3872691,-0.07248974,0.028819561,-0.09171343,other,other,mixed,mixed
8a7fb2ff-c32c-43c0-ba1e-e1a25546cb5a,c4cf250d-e512-48c0-828f-717b1cc468f5,87328369-ee81-4c06-8100-797f4fd2b25f,1624826531441,-16.8283058,32.6448115,0.3872691,0.031914085,0.031587124,0.064817905,other,other,mixed,mixed
8a7fb2ff-c32c-43c0-ba1e-e1a25546cb5a,c4cf250d-e512-48c0-828f-717b1cc468f5,e5e37579-f2b6-43a5-8195-dd9d0183ffc6,1624826531472,-16.8283058,32.6448115,0.3872691,-0.02368483,0.030001163,-0.028366566,other,other,mixed,mixed
8a7fb2ff-c32c-43c0-ba1e-e1a25546cb5a,c4cf250d-e512-48c0-828f-717b1cc468f5,0de64220-b2cb-4890-9a14-003eafef6af4,1624826531493,-16.8283058,32.6448115,0.3872691,-0.079960704,-0.026472092,-0.04748249,other,other,mixed,mixed
8a7fb2ff-c32c-43c0-ba1e-e1a25546cb5a,c4cf250d-e512-48c0-828f-717b1cc468f5,0a0f75f8-8c59-4f56-a7aa-12d2c01f155c,1624826531521,-16.8283058,32.6448115,0.3872691,-0.057124496,0.05590582,-0.07104397,other,other,mixed,mixed
8a7fb2ff-c32c-43c0-ba1e-e1a25546cb5a,c4cf250d-e512-48c0-828f-717b1cc468f5,806c887b-9860-4edd-8b5e-ab9a214abb94,1624826531541,-16.8283058,32.6448115,0.3872691,-0.038666666,0.03596878,-0.06661129,other,other,mixed,mixed
8a7fb2ff-c32c-43c0-ba1e-e1a25546cb5a,c4cf250d-e512-48c0-828f-717b1cc468f5,1d8c53b1-94ef-4713-a7c5-e350e65a84dc,1624826531573,-16.8283058,32.6448115,0.3872691,-0.020380825,0.036717415,0.067242146,other,other,mixed,mixed
8a7fb2ff-c32c-43c0-ba1e-e1a25546cb5a,c4cf250d-e512-48c0-828f-717b1cc468f5,2495e540-e94d-4f39-9a5c-293dd85a9b32,1624826531603,-16.8283058,32.6448115,0.3872691,0.031045496,0.10608673,-0.08696079,other,other,mixed,mixed
8a7fb2ff-c32c-43c0-ba1e-e1a25546cb5a,c4cf250d-e512-48c0-828f-717b1cc468f5,533bf098-1261-43c0-9c3f-7aa3d9e8dd6a,1624826531624,-16.8283058,32.6448115,0.3872691,-0.28821522,0.16095972,-0.009386539,other,other,mixed,mixed
